first_name,last_name,email,gender,is_verified,residence_lng,residence_lat,latest_csui_class_year,latest_csui_program,birthdate,latest_csui_graduation_status
Papageno,Ridout,pridout0@comcast.net,M,false,-42.8236209,-2.759,2009,S1_EKS-SI,1990-04-20,BL
Tad,Elks,telks1@slate.com,M,false,33.171699,1.9130964,2009,S1-SI,1987-11-21,BL
Garvey,Clothier,gclothier2@hp.com,M,true,106.5765328,29.5580077,2000,S1_KI-IK,1983-09-17,BL
Smith,Buckthought,sbuckthought3@google.nl,M,false,102.9715346,17.1390992,1989,S3-IK,1985-09-15,SL
Johnathan,Moncur,jmoncur4@e-recht24.de,M,false,-47.9222179,-15.7994139,1990,S2-MTI,1991-10-06,SL
Joan,Gatheral,jgatheral5@miibeian.gov.cn,F,false,106.653158,35.218292,2002,S1_EKS-SI,1994-07-11,SL
Suzi,Rominov,srominov6@skyrock.com,F,false,79.922211,37.114157,2004,S1-IK,1983-03-09,SL
Dona,Hartness,dhartness7@arstechnica.com,F,false,121.0022623,14.5665991,2003,S1-IK,1989-06-17,TL
Ulberto,Gerry,ugerry8@sitemeter.com,M,false,140.0547688,38.1230866,1995,S1-IK,2000-01-13,TL
Shaun,Lanyon,slanyon9@dropbox.com,M,true,44.1783042,40.03553,1987,S1_KI-IK,1989-05-21,SL
Cyril,Lapping,clappinga@ibm.com,M,true,120.617471,24.1838881,2002,S2-MTI,1981-04-03,TL
Minnnie,Guild,mguildb@fda.gov,F,false,105.896559,-6.3931266,2006,S1-SI,1989-07-06,SL
Kerwinn,Matula,kmatulac@whitehouse.gov,M,true,115.674668,-8.3661233,2009,S2-MTI,1988-02-14,BL
Linoel,Ibbitson,libbitsond@nifty.com,M,true,30.4386437,-17.0363653,2004,S2-MTI,1999-03-15,SL
Jeni,Erb,jerbe@mashable.com,F,false,-68.6028341,18.649728,2004,S3-IK,1991-02-20,BL
Jeannie,Deeves,jdeevesf@reverbnation.com,F,true,72.9177892,55.2402058,2008,S2-MTI,1990-08-04,SL
Brod,Binton,bbintong@clickbank.net,M,false,125.3297787,7.9187344,1996,S1-IK,1989-05-28,BL
Minnaminnie,Shackle,mshackleh@wikipedia.org,F,true,129.7741869,42.697778,2006,S3-IK,1992-10-09,BL
Dorene,Bramo,dbramoi@virginia.edu,F,false,39.6182605,-10.1053365,1998,S1_EKS-SI,1990-02-26,SL
Bram,Dilliway,bdilliwayj@nytimes.com,M,true,47.1156092,36.4051945,2012,S2-MIK,1992-01-08,BL
Kerry,Turpin,kturpink@xing.com,M,true,61.4273838,54.8681775,1990,S1-SI,1986-10-03,BL
Cathleen,Marages,cmaragesl@theguardian.com,F,true,-43.8290988,-22.2496709,2012,S1_EKS-SI,1989-06-02,SL
Ray,Belfrage,rbelfragem@slideshare.net,M,true,-78.1507423,0.0319573,2003,S3-IK,1981-01-25,SL
Benoit,Davinet,bdavinetn@who.int,M,false,-71.8291245,46.8922184,2009,S3-IK,1981-06-15,TL
Aldin,Vasyukov,avasyukovo@diigo.com,M,false,-76.7193829,-9.27793,1999,S1-SI,1995-08-28,BL
Joyous,Barley,jbarleyp@google.de,F,false,41.0495422,45.3106092,2002,S1_KI-IK,1986-11-11,BL
Romeo,Burkitt,rburkittq@ucoz.ru,M,true,120.6976779,41.131963,2011,S2-MTI,1989-09-08,SL
Sydel,Chinge de Hals,schingedehalsr@si.edu,F,true,17.4890829,52.4262274,2002,S2-MTI,1985-02-26,SL
Rodrick,Castledine,rcastledines@globo.com,M,true,-57.2536314,-25.2631384,1997,S1-IK,1995-05-02,SL
Debee,Turtle,dturtlet@weather.com,F,false,19.1888791,49.7986721,2010,S2-MTI,1995-08-29,BL
Kermie,Bridges,kbridgesu@cbc.ca,M,true,91.714958,22.7537259,2010,S1_EKS-SI,1980-06-19,BL
Vern,Pennazzi,vpennazziv@marketwatch.com,M,true,105.411797,50.097858,1999,S1-IK,1999-03-16,BL
Viviene,Akers,vakersw@senate.gov,F,false,-46.4617086,-23.668163,2001,S3-IK,1995-08-16,SL
Eolanda,Braund,ebraundx@themeforest.net,F,false,44.148291,34.0076216,2001,S1-SI,1992-02-04,TL
Celia,Pascho,cpaschoy@accuweather.com,F,true,-70.4281661,-14.0691337,1989,S1-IK,1983-10-28,SL
Sallyanne,Haston,shastonz@ed.gov,F,false,-79.34961,46.0334,2010,S1-SI,1983-10-26,TL
Lolly,Richie,lrichie10@discuz.net,F,false,-55.754731,-27.455258,2012,S1_KI-IK,1988-02-22,BL
Gerrilee,Maryman,gmaryman11@earthlink.net,F,false,22.3461706,51.370484,2007,S1_KI-IK,1990-11-04,BL
Ericka,Snailham,esnailham12@mozilla.com,F,true,116.399409,23.528427,1963,S1_EKS-SI,1982-04-06,BL
Pearce,Spriddle,pspriddle13@sakura.ne.jp,M,true,-100.956682,21.1494763,1994,S1-SI,1990-11-06,BL
Donnell,Antognelli,dantognelli14@uiuc.edu,M,true,-15.5225259,13.460657,2004,S2-MTI,1983-10-30,SL
Joscelin,Cason,jcason15@tinypic.com,F,true,57.973082,35.2617507,1999,S3-IK,1980-05-21,TL
Westley,Buffin,wbuffin16@soundcloud.com,M,false,19.0339855,52.6446193,2005,S1_EKS-SI,1991-03-19,BL
Jill,Sidden,jsidden17@yellowpages.com,F,false,110.346166,29.893672,1994,S1-SI,1984-03-26,SL
Gussi,Muzzollo,gmuzzollo18@hubpages.com,F,true,15.65,44.18333,2000,S1-SI,1987-01-19,BL
Sayers,Berney,sberney19@dropbox.com,M,false,-80.0926014,26.411026,2006,S1-SI,1982-11-13,TL
Perry,Gartin,pgartin1a@1688.com,M,true,43.7706401,43.9923818,2003,S1_EKS-SI,1991-10-26,TL
Kiel,Lanfranconi,klanfranconi1b@moonfruit.com,M,true,-58.5074331,-34.5332237,2004,S2-MTI,1981-04-23,BL
Alric,Tucknott,atucknott1c@netscape.com,M,false,15.8262125,46.5834424,2009,S3-IK,1998-10-01,TL
Salim,Treadgall,streadgall1d@gov.uk,M,false,113.459749,23.106401,2006,S2-MTI,1999-03-31,TL
Bethena,Snel,bsnel1e@behance.net,F,true,124.8441178,1.4745288,2007,S1_KI-IK,1986-12-04,TL
Teriann,Suthren,tsuthren1f@java.com,F,false,-74.961495,10.323959,1988,S2-MTI,1991-08-29,TL
Ailbert,Trevascus,atrevascus1g@yandex.ru,M,true,124.8803623,11.7760619,1998,S1_EKS-SI,1998-09-25,SL
Clywd,Marrian,cmarrian1h@theatlantic.com,M,true,108.520914,31.364042,2006,S3-IK,1996-03-15,TL
Julissa,Trodden,jtrodden1i@qq.com,F,false,-89.7920356,14.1950983,2009,S3-IK,1997-08-22,SL
Brynn,Grenfell,bgrenfell1j@arizona.edu,F,true,106.8280147,-6.2810348,2003,S1_KI-IK,1982-11-04,SL
Mohandis,Dodle,mdodle1k@last.fm,M,false,68.5543777,25.1418538,1992,S1_EKS-SI,1998-08-23,TL
Theodoric,Ripon,tripon1l@wordpress.org,M,false,123.9014967,12.7360955,2005,S2-MIK,1994-05-23,BL
Chrisy,Mulrenan,cmulrenan1m@zdnet.com,M,true,0.098598,48.4339701,1993,S1-IK,1997-02-08,TL
Noreen,Steer,nsteer1n@netscape.com,F,true,106.410852,29.859178,2008,S2-MTI,1992-05-30,SL
Gilberta,MacEnelly,gmacenelly1o@github.io,F,true,124.8441178,1.4745288,2009,S1-IK,1991-11-20,SL
Filip,Clawson,fclawson1p@typepad.com,M,false,-8.923424,38.5866475,1992,S2-MTI,1984-12-08,TL
Lyn,Dignam,ldignam1q@seattletimes.com,F,false,-123.1152602,49.1571976,2005,S1_EKS-SI,1985-11-15,BL
Klarrisa,Crichton,kcrichton1r@nydailynews.com,F,true,-64.2415554,-27.7668733,1994,S1_EKS-SI,1991-09-05,BL
Gabby,McGrath,gmcgrath1s@angelfire.com,M,true,-8.1163493,41.2662428,1992,S1_EKS-SI,1983-03-05,SL
Tamarah,Whitlow,twhitlow1t@zdnet.com,F,false,-8.4816505,40.9785232,1996,S2-MIK,1980-09-09,BL
Garrik,Sarver,gsarver1u@fda.gov,M,false,44.5395836,40.8021951,2001,S2-MIK,1992-07-14,BL
Had,Steedman,hsteedman1v@webnode.com,M,true,-8.4028972,41.4069416,2009,S1-IK,1985-02-02,TL
Arline,Oxenham,aoxenham1w@shareasale.com,F,true,5.534063,45.70734,2011,S2-MIK,1985-11-26,BL
Rochella,Solway,rsolway1x@so-net.ne.jp,F,false,99.819316,39.377733,2013,S2-MIK,1980-07-28,TL
Ben,Solesbury,bsolesbury1y@biglobe.ne.jp,M,false,-75.8942469,2.389011,1996,S2-MTI,1980-08-10,TL
Penn,Strangman,pstrangman1z@mayoclinic.com,M,false,-42.6945496,-21.3892337,2007,S2-MIK,1992-05-13,BL
Nicholas,Ishaki,nishaki20@gravatar.com,M,true,124.0919803,-10.1155899,2010,S1-IK,1986-10-28,TL
Samson,Nuth,snuth21@blog.com,M,false,109.399141,-7.2634241,2011,S2-MIK,1993-07-01,SL
Emmy,Casado,ecasado22@networksolutions.com,M,false,126.100213,47.59585,1987,S1-IK,1985-10-20,TL
Tammy,Fiddian,tfiddian23@nhs.uk,M,true,123.5195708,13.6043647,2001,S1_KI-IK,1991-11-22,TL
Hilton,Seathwright,hseathwright24@boston.com,M,true,121.0059518,14.4693883,1990,S2-MIK,1997-10-15,TL
Pennie,Fullard,pfullard25@gmpg.org,F,true,125.535149,9.7441,1999,S1_EKS-SI,1988-12-05,SL
Kevon,Maudett,kmaudett26@altervista.org,M,true,16.136353,53.068264,2008,S1_EKS-SI,1998-08-16,BL
Aksel,Turgoose,aturgoose27@last.fm,M,true,20.7644305,48.081286,2002,S2-MTI,1985-09-27,SL
Lucy,Doveston,ldoveston28@amazon.de,F,false,130.297964,47.349916,1997,S1-IK,1987-12-01,BL
Creigh,Sandell,csandell29@cornell.edu,M,true,66.923684,48.019573,2012,S2-MIK,1983-05-09,BL
Broddie,Mickelwright,bmickelwright2a@bloglines.com,M,false,37.736,53.9096,2010,S1-SI,1987-10-27,BL
Forrest,Oliver,foliver2b@cbsnews.com,M,false,-47.7440315,-23.1744477,2009,S1_KI-IK,1997-10-09,TL
Cynthy,Wilbor,cwilbor2c@godaddy.com,F,false,110.496593,24.77848,1984,S1_KI-IK,1984-09-07,BL
Nikolaos,Yakolev,nyakolev2d@samsung.com,M,false,-7.939099,40.8449853,2007,S1_KI-IK,1985-06-06,SL
Sammie,Collomosse,scollomosse2e@imdb.com,M,true,23.3519912,50.9330498,1997,S2-MIK,1986-07-30,SL
Rhona,Pietrusiak,rpietrusiak2f@java.com,F,true,-1.1457859,46.5993244,1997,S1-SI,1987-12-28,BL
Raeann,Gerritsma,rgerritsma2g@prnewswire.com,F,false,-7.0160004,40.347979,1990,S1-IK,1995-07-27,SL
Ada,Gilberthorpe,agilberthorpe2h@bravesites.com,F,false,9.5943509,59.2264806,1992,S1_EKS-SI,1999-08-22,SL
Elvis,Jasper,ejasper2i@omniture.com,M,false,13.503977,59.379366,2004,S2-MIK,1984-07-02,SL
Harlen,Bohlmann,hbohlmann2j@desdev.cn,M,false,113.993115,22.974898,1990,S1-SI,1994-03-26,BL
Clemens,Treadaway,ctreadaway2k@google.pl,M,false,-72.1579033,-13.3346641,1986,S1-IK,1990-10-21,TL
Luce,McKintosh,lmckintosh2l@free.fr,F,true,17.9158275,59.3972707,1999,S2-MIK,1994-05-18,TL
Clayton,Buche,cbuche2m@tamu.edu,M,true,106.3925949,-6.4759944,2004,S1-SI,1997-12-05,SL
Ethe,Gutowska,egutowska2n@histats.com,M,true,104.066801,30.572815,2011,S2-MTI,1983-10-03,BL
Letti,Whiteside,lwhiteside2o@nytimes.com,F,true,20.1777202,50.0797896,1996,S1-SI,1996-07-11,BL
Hailee,Trustie,htrustie2p@statcounter.com,F,true,-8.5660453,41.3432066,1989,S2-MIK,1985-06-04,TL
Dorrie,Jankiewicz,djankiewicz2q@disqus.com,F,false,2.6780176,48.5129473,2009,S1_EKS-SI,1998-10-01,SL
Alyss,Macci,amacci2r@gmpg.org,F,true,-69.3041431,8.0740824,2011,S1-SI,1988-01-28,SL
Golda,Trenaman,gtrenaman2s@pinterest.com,F,true,22.555595,50.043163,1991,S3-IK,1997-06-08,TL
Aeriela,Dayborne,adayborne2t@tripod.com,F,false,-17.354349,65.723731,1998,S2-MTI,1990-03-19,SL
Giulio,Dorber,gdorber2u@theguardian.com,M,true,11.9809571,57.6795423,1995,S1-IK,1989-02-05,SL
Raul,Kopps,rkopps2v@youtu.be,M,false,119.090741,25.315243,2005,S1-SI,1983-09-26,BL
Tremayne,Trevains,ttrevains2w@goo.ne.jp,M,true,15.2867417,46.2394709,2007,S1-IK,1991-06-14,TL
Phineas,Sambals,psambals2x@comsenz.com,M,true,119.048169,29.603667,1995,S1-SI,1988-11-22,TL
Kevyn,Bram,kbram2y@soundcloud.com,F,false,-51.0985192,-30.2196952,2006,S2-MTI,1998-02-04,BL
Westleigh,De Miranda,wdemiranda2z@nasa.gov,M,true,-76.5517132,39.0327543,1994,S1_EKS-SI,1997-05-22,SL
Eldin,Jemmett,ejemmett30@skype.com,M,true,-73.1404838,-37.0340769,2007,S1-SI,1988-06-04,SL
Papageno,Bandiera,pbandiera31@census.gov,M,true,14.0845863,45.0804254,1984,S1_KI-IK,1989-02-24,SL
Edmon,Shory,eshory32@ucsd.edu,M,true,114.982,38.702541,1986,S1-IK,1983-11-28,SL
Nickola,Copperwaite,ncopperwaite33@about.me,M,false,14.9774312,57.6734233,1995,S1-IK,1986-03-02,BL
Cordy,Terron,cterron34@tinypic.com,F,false,108.1859765,-7.3090733,1992,S2-MIK,1985-08-23,SL
Delmore,Parcell,dparcell35@archive.org,M,true,-75.1136721,40.0380778,2004,S2-MIK,1995-09-11,TL
Jerrilee,Launchbury,jlaunchbury36@unblog.fr,F,false,105.4771084,-5.5844754,1988,S2-MIK,1985-07-23,SL
Octavius,Barrat,obarrat37@umich.edu,M,true,-80.2711588,-3.4949817,2002,S1-IK,1981-07-30,SL
Fernande,Boarder,fboarder38@cbslocal.com,F,true,26.7241905,-27.9918685,2002,S2-MTI,1991-07-15,TL
Enrico,Gersam,egersam39@cocolog-nifty.com,M,false,46.9853688,-25.0225309,1988,S2-MIK,1982-01-05,SL
Quinn,Hellicar,qhellicar3a@flavors.me,F,true,120.005147,26.885704,1993,S2-MIK,1981-03-08,BL
Piotr,McCrorie,pmccrorie3b@mashable.com,M,true,-14.108845,16.2488504,2009,S1_EKS-SI,1981-11-25,BL
Ernesta,Lenahan,elenahan3c@icq.com,F,true,109.9020509,-7.0392183,1985,S2-MTI,1996-09-28,BL
Bria,Euler,beuler3d@pagesperso-orange.fr,F,true,-74.0887576,8.7261944,2006,S3-IK,1999-10-07,SL
Dewie,Cockman,dcockman3e@google.pl,M,false,-99.581953,19.2535103,2008,S3-IK,1996-07-19,TL
Pavel,Sleeman,psleeman3f@devhub.com,M,true,32.2313539,-2.8850378,2003,S2-MIK,1996-06-08,TL
Virginie,Grotty,vgrotty3g@si.edu,F,false,-81.6856808,30.3152434,2009,S1_EKS-SI,1995-05-29,BL
Jud,Blanckley,jblanckley3h@go.com,M,true,34.4573326,48.3694747,2002,S2-MIK,1988-02-27,SL
Kristos,Penquet,kpenquet3i@merriam-webster.com,M,true,55.8925281,54.0114023,2011,S1-IK,1997-08-25,TL
Cammy,Goby,cgoby3j@netvibes.com,F,false,-77.0844226,-12.0560257,2011,S3-IK,2000-02-26,TL
Marielle,Wehnerr,mwehnerr3k@pcworld.com,F,false,59.129251,56.4428126,2013,S1_EKS-SI,1989-11-02,BL
Kettie,Bonifant,kbonifant3l@tripadvisor.com,F,false,121.712226,14.714943,2010,S3-IK,1988-09-08,BL
Allianora,D'Acth,adacth3m@ebay.co.uk,F,false,114.618236,31.288153,1993,S3-IK,1980-12-05,SL
Kiri,Littrick,klittrick3n@hugedomains.com,F,false,115.263115,33.039715,1978,S1-IK,1985-08-13,TL
Raddy,Waine,rwaine3o@illinois.edu,M,true,108.28306,-7.03126,2007,S1_EKS-SI,1985-10-11,SL
Nikolas,Shatford,nshatford3p@delicious.com,M,true,99.0349977,2.2155425,2002,S3-IK,1988-09-12,TL
Emilia,Beckinsall,ebeckinsall3q@is.gd,F,false,31.2483291,3.4698023,1996,S3-IK,1987-07-18,TL
Guss,Borlease,gborlease3r@twitter.com,M,false,47.375551,-20.2384864,2007,S1_EKS-SI,1998-02-07,BL
Odille,Faithfull,ofaithfull3s@home.pl,F,true,118.679751,27.44587,1996,S1-SI,1997-05-29,SL
Ingunna,Touret,itouret3t@jiathis.com,F,true,21.9214049,39.3640258,1997,S1_EKS-SI,1998-08-14,BL
Catherina,Rodder,crodder3u@blog.com,F,false,51.5020158,54.659677,2003,S2-MIK,1993-04-22,SL
Urson,Ayto,uayto3v@utexas.edu,M,false,117.684,-8.9117,2002,S1-SI,1981-03-21,SL
Perceval,Stetlye,pstetlye3w@quantcast.com,M,false,7.5626411,6.0312787,1994,S1-SI,1996-06-25,SL
Dagny,Jozwicki,djozwicki3x@hibu.com,M,false,144.8016402,13.5027167,2010,S1-IK,1982-05-12,BL
Annalee,Gurnay,agurnay3y@earthlink.net,F,false,108.408661,30.807667,1992,S1-IK,1986-05-24,BL
Peggy,Craster,pcraster3z@theguardian.com,F,true,117.2946041,39.1340249,1987,S1_KI-IK,1992-05-09,BL
Holmes,Egdale,hegdale40@intel.com,M,false,110.632006,36.759507,1993,S1-IK,1983-07-20,TL
Nanette,Alexsandrowicz,nalexsandrowicz41@stumbleupon.com,F,false,115.319842,34.000317,2002,S3-IK,1986-04-23,TL
Hetty,MacAvddy,hmacavddy42@google.es,F,true,6.400366,48.1772789,1989,S1_EKS-SI,1992-04-04,SL
Lurleen,Bilbrook,lbilbrook43@scientificamerican.com,F,false,113.459749,23.106401,1996,S1_EKS-SI,1981-02-24,BL
Nikolaos,Samter,nsamter44@istockphoto.com,M,true,117.134151,40.284979,1991,S1_KI-IK,1989-05-21,SL
Valentina,Dewsbury,vdewsbury45@google.it,F,true,141.1515091,39.7028389,1999,S1-SI,1993-06-25,TL
Buckie,Gilloran,bgilloran46@issuu.com,M,true,91.9196949,22.5250447,1994,S2-MIK,1996-10-08,TL
Humbert,Matten,hmatten47@biblegateway.com,M,true,-75.772917,2.449478,2003,S1_KI-IK,1991-07-24,TL
Giusto,Lugton,glugton48@indiatimes.com,M,false,30.7738154,27.6791846,1986,S2-MIK,1995-09-14,SL
Anne-corinne,Behrens,abehrens49@eepurl.com,F,true,100.383479,14.4403155,2007,S1-SI,1984-08-11,BL
L;urette,Malenfant,lmalenfant4a@printfriendly.com,F,false,-82.8317486,8.4297819,2002,S1_KI-IK,1997-07-02,SL
Johny,Brailsford,jbrailsford4b@bloglines.com,M,true,112.8880068,-7.6374665,1988,S1_KI-IK,1994-02-02,SL
Marchall,Dearlove,mdearlove4c@sakura.ne.jp,M,false,-12.5441446,15.0186358,2000,S1_EKS-SI,1995-06-27,BL
Barrie,Salter,bsalter4d@youtube.com,M,true,25.9053209,43.7979981,1988,S1_KI-IK,1993-10-25,TL
Jeri,Beet,jbeet4e@usnews.com,F,true,10.5915072,35.886399,2011,S2-MTI,1985-01-02,TL
Katie,Crowche,kcrowche4f@noaa.gov,F,true,120.9891643,13.7832268,2008,S1_KI-IK,1995-02-18,TL
Gery,Wilkisson,gwilkisson4g@umn.edu,M,true,23.5677089,37.9656089,2010,S1_KI-IK,1996-04-14,TL
Brenda,Faich,bfaich4h@google.com.au,F,false,116.483259,28.435584,2012,S1-IK,1982-09-22,SL
Roy,Tremellan,rtremellan4i@statcounter.com,M,false,7.056227,43.613063,1998,S2-MTI,1996-02-19,TL
Hilary,Nunson,hnunson4j@eepurl.com,M,true,121.1174238,30.1787074,2009,S3-IK,1987-05-01,BL
Yul,Dunsford,ydunsford4k@theguardian.com,M,false,106.0081819,20.4915633,1994,S1_EKS-SI,1984-05-17,BL
Packston,Oattes,poattes4l@smugmug.com,M,true,113.8436013,-8.0546105,2000,S1_EKS-SI,1983-09-06,TL
Ronnie,Zamboniari,rzamboniari4m@economist.com,F,true,126.7366293,35.9676772,1996,S2-MTI,1987-10-17,TL
Ferdinanda,Dreier,fdreier4n@unc.edu,F,false,-64.1847851,-31.4505323,2012,S1_KI-IK,1986-09-16,SL
Delphinia,Almond,dalmond4o@tripod.com,F,true,111.73948,44.2484,2000,S2-MIK,1989-08-22,TL
Adelind,Goodswen,agoodswen4p@dedecms.com,F,true,-64.7858887,32.2945837,2008,S3-IK,1990-02-11,TL
Romeo,Pillinger,rpillinger4q@sina.com.cn,M,false,20.2192192,44.9442659,1985,S2-MTI,2000-01-21,SL
Hedi,Daltrey,hdaltrey4r@about.me,F,false,-62.7684331,-37.5481968,2010,S3-IK,1996-09-19,TL
Damiano,Ripon,dripon4s@tuttocitta.it,M,false,-104.8512993,38.8163486,2009,S1-IK,1994-03-07,BL
Gabby,Bartusek,gbartusek4t@techcrunch.com,M,false,-69.567879,-14.27079,1999,S1-IK,1985-01-09,TL
Addy,Cardew,acardew4u@arstechnica.com,F,false,65.23055,35.70178,2008,S3-IK,1991-07-12,BL
Urbano,Burehill,uburehill4v@salon.com,M,false,123.6833344,12.0166664,1996,S1_KI-IK,1989-11-15,BL
Benoite,Mapes,bmapes4w@geocities.jp,F,true,44.0519756,40.106025,1999,S1_EKS-SI,1980-11-22,TL
Waiter,Perrinchief,wperrinchief4x@hibu.com,M,true,108.839557,27.69965,2010,S1_EKS-SI,1994-06-13,TL
Florenza,Cossom,fcossom4y@intel.com,F,true,35.8988626,33.1786556,2006,S1_EKS-SI,1992-06-19,SL
Hi,Radish,hradish4z@drupal.org,M,false,-80.3,26.11,1994,S2-MTI,1988-03-20,BL
Fanni,Yarrow,fyarrow50@jalbum.net,F,true,-7.8500816,41.4037275,2002,S1_KI-IK,1984-06-03,SL
Karlens,Collough,kcollough51@eepurl.com,M,false,2.3269318,48.6405537,2005,S2-MIK,1986-04-17,BL
Neils,Surgison,nsurgison52@foxnews.com,M,true,0.3908219,47.8225694,1997,S1_EKS-SI,1993-07-27,SL
Riccardo,Saltwell,rsaltwell53@discovery.com,M,true,81.0063855,7.9645367,2008,S2-MIK,1986-10-01,BL
Kerry,Grammer,kgrammer54@photobucket.com,M,true,111.621476,23.83072,1999,S1-SI,1987-04-16,SL
Emanuel,Keslake,ekeslake55@gnu.org,M,false,15.5073987,46.5399962,1983,S1_KI-IK,1993-02-24,BL
Levi,Shirtliff,lshirtliff56@addtoany.com,M,false,130.6493402,32.4286242,1992,S1-SI,1981-11-10,TL
Cristin,Jacombs,cjacombs57@goo.gl,F,false,17.4368205,62.5262505,2000,S1_EKS-SI,1981-08-25,TL
Welsh,Caton,wcaton58@scientificamerican.com,M,true,12.9658307,55.496478,2008,S2-MTI,1986-01-01,TL
Raina,McLukie,rmclukie59@twitpic.com,F,true,17.427272,45.2625083,1997,S1-IK,1990-06-20,TL
Brannon,Cogley,bcogley5a@reuters.com,M,true,139.9386123,35.4252373,1987,S1-SI,1984-03-08,SL
Carlye,O'Spillane,cospillane5b@reference.com,F,false,115.388966,31.830035,2002,S1_KI-IK,1994-04-04,TL
Kristoforo,Whiting,kwhiting5c@last.fm,M,false,48.3304944,54.036802,2005,S1_KI-IK,1983-04-02,BL
Angelo,Ainscow,aainscow5d@usatoday.com,M,false,49.7333235,40.4529251,2006,S1_EKS-SI,1996-08-07,BL
Bernetta,Cockayme,bcockayme5e@prweb.com,F,false,121.2234268,5.976337,1997,S1_KI-IK,1990-03-14,TL
Del,Yurkevich,dyurkevich5f@cdc.gov,F,true,39.2011716,7.1069627,1986,S1_KI-IK,1987-08-08,TL
Kellyann,Wonham,kwonham5g@foxnews.com,F,true,-55.1513801,-24.9852879,2008,S2-MIK,1984-03-04,TL
Queenie,Starie,qstarie5h@netlog.com,F,false,113.6376,-8.3464,1995,S1-SI,1986-09-27,BL
Jamie,Foden,jfoden5i@free.fr,M,false,-8.736667,39.55699,2006,S1-IK,1996-12-30,TL
Aggie,Vile,avile5j@blogger.com,F,true,14.1454855,57.8014247,2009,S1_EKS-SI,1989-06-08,TL
Davidde,Donson,ddonson5k@php.net,M,true,20.4232296,41.5327252,2007,S1-IK,1991-07-16,TL
Herculie,Town,htown5l@deviantart.com,M,true,121.33638,30.798775,2012,S2-MTI,1999-12-05,SL
Abbye,Surgen,asurgen5m@economist.com,F,true,56.5806021,52.1929515,2000,S1_KI-IK,1992-10-17,SL
Harlen,Swatridge,hswatridge5n@bizjournals.com,M,false,-84.0854432,39.7434917,2001,S1_KI-IK,1989-11-01,SL
Towney,Dudin,tdudin5o@instagram.com,M,true,118.382379,30.673618,2003,S1-SI,1981-02-26,TL
Leonanie,Hoggetts,lhoggetts5p@purevolume.com,F,true,130.3331069,33.5050373,2010,S1_KI-IK,1981-09-27,BL
Mufinella,Mahood,mmahood5q@reuters.com,F,true,-34.8987086,-7.9011493,1985,S1_KI-IK,1996-03-30,BL
Rockie,Sleigh,rsleigh5r@wisc.edu,M,false,-8.3687908,39.8926924,1995,S1-IK,1994-07-15,SL
Harp,Brosch,hbrosch5s@xinhuanet.com,M,true,118.6143878,35.9705797,1984,S1_EKS-SI,1994-05-14,TL
Dniren,Bend,dbend5t@slideshare.net,F,true,111.8378,-8.1659,1984,S1-IK,1985-09-11,TL
Dallon,Caldaro,dcaldaro5u@addthis.com,M,false,48.1239894,29.1070609,1986,S1_KI-IK,1988-03-01,SL
Darrelle,Barenski,dbarenski5v@bloomberg.com,F,true,42.5117238,18.2464685,2011,S2-MIK,1987-08-08,BL
Paquito,Kenningham,pkenningham5w@abc.net.au,M,false,122.8564594,7.5038886,1961,S2-MTI,1994-11-24,BL
Cecelia,Cattroll,ccattroll5x@sun.com,F,true,-84.2953464,33.7746886,1994,S2-MTI,1997-12-14,BL
Lucilia,Drinkel,ldrinkel5y@e-recht24.de,F,true,117.485366,39.90246,2009,S1-SI,1999-11-17,BL
Celesta,Moreno,cmoreno5z@mail.ru,F,true,-34.8843973,-8.0664795,2006,S1_EKS-SI,1998-02-03,SL
Freedman,Applewhite,fapplewhite60@geocities.com,M,true,-38.4809114,-3.8017999,2006,S1-SI,1986-08-17,BL
Olenka,Grene,ogrene61@tmall.com,F,false,-57.6515503,-19.0081688,2001,S2-MTI,1994-07-26,TL
Merola,Hasney,mhasney62@theatlantic.com,F,false,108.9739954,14.762796,1997,S2-MIK,1990-02-01,TL
Hieronymus,Borlease,hborlease63@whitehouse.gov,M,false,72.9401509,41.8760133,1997,S2-MIK,1982-02-26,SL
Suzanne,Eakins,seakins64@wix.com,F,true,122.2790551,11.6994751,2012,S1-SI,1999-02-11,SL
Marshal,MacHarg,mmacharg65@berkeley.edu,M,false,44.0430569,44.0271757,1996,S2-MTI,1980-10-26,BL
Leontyne,De Bernardis,ldebernardis66@twitpic.com,F,true,-76.60003,5.40004,2006,S1-IK,1992-03-07,SL
Berrie,Meadmore,bmeadmore67@reference.com,F,false,74.8448648,42.8883195,1995,S2-MIK,1990-10-22,TL
Adore,Conor,aconor68@opera.com,F,true,115.0406679,-8.2331212,2009,S2-MIK,1981-07-12,SL
Nichols,Haselup,nhaselup69@livejournal.com,M,false,-40.0810267,-7.8808775,1992,S1-SI,1996-10-09,SL
Berty,Vasilischev,bvasilischev6a@godaddy.com,M,true,116.399409,23.528427,1997,S1-IK,1984-04-06,BL
Jillane,Hamlin,jhamlin6b@marketwatch.com,F,false,109.10459,21.48402,1996,S1_EKS-SI,1998-07-22,BL
Raine,Redholls,rredholls6c@icq.com,F,true,122.737467,48.013733,1996,S2-MTI,1982-08-16,SL
Thaddeus,Novichenko,tnovichenko6d@slate.com,M,false,-39.465738,-14.6737265,2008,S1_EKS-SI,1981-11-21,BL
Freemon,Cattach,fcattach6e@weibo.com,M,true,121.0670507,14.5968528,1992,S1-IK,1999-07-11,TL
Wit,Canti,wcanti6f@umn.edu,M,true,122.9635773,10.5423489,1992,S1-IK,1991-06-26,BL
Kristo,Quickenden,kquickenden6g@technorati.com,M,true,-52.0423373,-23.4554707,1993,S1-SI,1986-09-04,SL
Wilbur,Noblett,wnoblett6h@xinhuanet.com,M,true,-6.5775187,32.8501501,2002,S1-IK,1996-04-23,BL
Kellen,Sirey,ksirey6i@chron.com,M,false,44.5266466,-22.9106154,2010,S1-SI,1982-11-19,BL
Kathryne,Beggin,kbeggin6j@nasa.gov,F,false,120.9950071,14.4409724,1994,S1_EKS-SI,1987-05-23,SL
Wolfgang,Jackson,wjackson6k@weebly.com,M,true,100.7718557,18.7756592,2009,S1-IK,1992-10-26,SL
Marti,Higounet,mhigounet6l@flavors.me,F,false,107.497706,36.130754,1997,S1-IK,1983-04-14,BL
Husain,Ruddiforth,hruddiforth6m@booking.com,M,true,100.9192009,14.5302201,1995,S1_KI-IK,1994-11-08,SL
Myrwyn,Glennard,mglennard6n@shinystat.com,M,true,16.7112603,49.6321945,1996,S2-MIK,2000-01-12,TL
Ricoriki,Abbey,rabbey6o@zdnet.com,M,true,120.642047,27.457067,1996,S1-SI,1997-02-15,TL
Cullan,McRobert,cmcrobert6p@ox.ac.uk,M,true,101.6259842,2.9329721,2007,S3-IK,1989-05-07,TL
Carleton,Brekonridge,cbrekonridge6q@google.co.jp,M,true,-8.2927634,41.248043,2012,S3-IK,1986-11-20,SL
Malorie,Diego,mdiego6r@comsenz.com,F,false,-56.7383988,-23.4595396,2007,S1_KI-IK,1986-08-06,BL
Johannah,Laurence,jlaurence6s@un.org,F,true,112.9884237,28.2281301,1993,S2-MIK,1997-06-28,SL
Elfreda,Gimblett,egimblett6t@wikipedia.org,F,true,111.579554,36.07884,2004,S1-IK,1987-03-18,TL
Sherill,Groom,sgroom6u@wired.com,F,false,123.2064649,40.934156,2009,S2-MTI,1987-06-17,TL
Fairfax,Francino,ffrancino6v@hibu.com,M,true,34.1865669,0.6782274,1992,S2-MTI,1989-12-23,BL
Neville,Hugle,nhugle6w@nydailynews.com,M,true,19.4187015,51.6782846,2005,S1_EKS-SI,1983-07-25,TL
Luise,Noe,lnoe6x@discuz.net,F,true,100.311368,30.939169,1997,S1_EKS-SI,1986-04-14,TL
Kirbie,Heddy,kheddy6y@exblog.jp,F,true,28.7846634,45.3707729,2000,S1_EKS-SI,1999-11-29,SL
Kirby,Pittford,kpittford6z@google.es,M,true,21.1594809,56.1636909,2010,S3-IK,1981-11-30,SL
Eldin,Waples,ewaples70@google.it,M,false,-86.5728785,14.8288248,2002,S1_EKS-SI,1997-12-15,BL
Roze,Sporton,rsporton71@fastcompany.com,F,true,77.7663297,64.9142998,1996,S2-MIK,1986-03-23,SL
Leandra,Eliesco,leliesco72@adobe.com,F,false,-4.0414005,39.873363,1997,S2-MTI,1992-01-26,TL
Lizbeth,Astupenas,lastupenas73@posterous.com,F,true,121.798685,41.594744,2005,S1_KI-IK,1982-06-25,TL
Blakeley,Harmar,bharmar74@reddit.com,F,false,-75.6491753,-11.2648012,2010,S1_KI-IK,1983-01-15,BL
Pietrek,Thirtle,pthirtle75@taobao.com,M,false,4.8750727,45.7164219,2010,S1_KI-IK,1996-05-30,TL
Arly,Bambra,abambra76@constantcontact.com,F,true,62.1557992,45.8520381,1996,S1-IK,1983-06-21,BL
Nissa,Maddams,nmaddams77@51.la,F,true,121.389084,31.30275,2001,S1_KI-IK,1988-10-07,BL
Irena,Bontein,ibontein78@ovh.net,F,true,-72.9899505,4.8413815,2001,S1_EKS-SI,1983-02-13,BL
Marillin,Keal,mkeal79@taobao.com,F,false,-113.8687,52.13342,1999,S1-IK,1997-10-29,TL
Frankie,Yurin,fyurin7a@360.cn,M,true,43.8346178,40.8452606,1994,S2-MTI,1991-09-16,SL
Nancy,Antos,nantos7b@bravesites.com,F,false,118.761836,32.223303,2000,S1-SI,1987-11-09,TL
Curr,Passey,cpassey7c@mtv.com,M,true,16.95723,52.30002,1991,S2-MIK,1994-01-04,TL
Keri,Hargrove,khargrove7d@purevolume.com,F,false,112.7032945,-7.6426348,1996,S1-IK,1988-12-17,TL
Rea,Bayston,rbayston7e@buzzfeed.com,F,true,47.8699039,-18.4001194,1999,S2-MTI,1991-03-17,BL
Dillie,Gommes,dgommes7f@google.co.jp,M,false,121.0134482,14.5662555,1993,S3-IK,1987-09-23,TL
Barry,Wardesworth,bwardesworth7g@google.ru,M,true,124.2254855,-9.9275387,2003,S3-IK,1983-12-03,TL
Janot,Sleith,jsleith7h@mayoclinic.com,F,false,100.8162,2.157713,2007,S2-MTI,1995-01-17,SL
Zahara,Levet,zlevet7i@reddit.com,F,true,37.5166323,56.2421713,1995,S2-MIK,1997-04-24,BL
Agnes,Longbone,alongbone7j@ft.com,F,false,77.0852258,42.6503176,2006,S3-IK,1992-12-10,TL
Giuseppe,Bigglestone,gbigglestone7k@sogou.com,M,false,-100.3638252,25.9375976,2009,S1-SI,1997-08-20,BL
Van,Utterson,vutterson7l@google.com,M,true,-96.937016,32.6901244,1995,S1_EKS-SI,1980-08-17,SL
Allister,Menham,amenham7m@nationalgeographic.com,M,false,22.0193601,49.69427,2004,S2-MTI,1987-12-11,BL
Neilla,Oakland,noakland7n@ihg.com,F,true,2.394771,48.819324,2012,S1-IK,1995-01-22,SL
Kippy,Soaper,ksoaper7o@aboutads.info,F,true,95.65691,32.06672,1989,S1_KI-IK,1980-07-31,TL
Samantha,Aggott,saggott7p@narod.ru,F,false,-74.8039205,3.8291336,1988,S1_KI-IK,1988-11-13,SL
Audi,Labrow,alabrow7q@etsy.com,F,true,108.207518,-7.356466,2002,S2-MIK,1989-04-03,SL
Killie,Pryke,kpryke7r@msu.edu,M,false,108.7660364,-7.1546275,2010,S2-MTI,1983-12-25,TL
Maud,Sherrett,msherrett7s@acquirethisname.com,F,true,37.8009297,55.7483994,1995,S1_EKS-SI,1982-01-06,TL
Elliot,Stollhofer,estollhofer7t@telegraph.co.uk,M,false,23.7255557,50.5332417,1986,S1_KI-IK,1980-08-27,SL
Mortimer,McPike,mmcpike7u@sina.com.cn,M,false,22.6886729,52.7301035,2011,S2-MIK,1989-12-21,BL
Angie,Pycock,apycock7v@mapy.cz,M,false,36.8304102,-1.1748105,2011,S3-IK,1999-03-01,SL
Pietrek,Dubery,pdubery7w@jiathis.com,M,true,120.999932,14.565396,1986,S2-MIK,1990-05-27,BL
Rabi,Lazenby,rlazenby7x@buzzfeed.com,M,true,111.8270486,-8.1553145,1992,S1_EKS-SI,1995-01-28,BL
Guilbert,Morgans,gmorgans7y@is.gd,M,true,-1.5029858,48.250574,1993,S1-SI,1989-11-23,TL
Harrie,Jenner,hjenner7z@irs.gov,F,false,-47.8032284,-6.0768719,2007,S3-IK,1983-02-22,TL
Leeland,Pryce,lpryce80@goo.gl,M,false,121.085794,29.919421,2012,S3-IK,1984-10-25,BL
Sherman,Eales,seales81@biblegateway.com,M,true,25.7456852,-5.383454,1995,S2-MTI,1998-06-07,TL
Barde,De Laci,bdelaci82@bravesites.com,M,false,-44.5789542,-20.0879862,2001,S3-IK,1996-04-19,BL
Immanuel,Hurdedge,ihurdedge83@usgs.gov,M,false,108.249509,31.364902,2005,S2-MTI,1994-09-02,BL
Ashely,Loveitt,aloveitt84@nationalgeographic.com,F,false,121.3009798,24.9936281,2012,S3-IK,1995-03-08,SL
Cloris,Blazynski,cblazynski85@ftc.gov,F,false,-80.5327324,8.4462028,2008,S1_EKS-SI,1988-07-21,TL
Doro,Nealy,dnealy86@msn.com,F,true,-74.9910112,6.8740602,2005,S2-MTI,1980-08-06,TL
Eadith,Culmer,eculmer87@cmu.edu,F,true,99.1018946,58.4789614,2005,S1-SI,1996-08-16,SL
Tanhya,Crofts,tcrofts88@comsenz.com,F,false,116.489848,39.91554,1993,S2-MTI,1987-05-22,SL
Barnabe,Caps,bcaps89@wordpress.org,M,false,-81.026991,8.1296031,2000,S3-IK,1986-04-01,TL
Gayleen,Abbatucci,gabbatucci8a@paginegialle.it,F,false,0.277316,47.6252225,2012,S3-IK,1989-06-20,SL
Drusi,Goundry,dgoundry8b@trellian.com,F,true,106.5746124,-6.201062,1997,S2-MIK,1988-02-21,SL
Wiatt,Washbrook,wwashbrook8c@ucoz.ru,M,false,-105.5361463,50.4163784,1989,S2-MIK,1990-07-28,TL
Hynda,Shreve,hshreve8d@independent.co.uk,F,true,115.415805,40.221132,1995,S2-MIK,1998-02-27,BL
Brian,McCay,bmccay8e@independent.co.uk,M,false,73.4803095,32.5992796,1990,S1_KI-IK,1989-03-03,SL
Lorrie,Joanaud,ljoanaud8f@independent.co.uk,F,true,109.177104,28.09544,1996,S1_KI-IK,1985-11-28,BL
Selene,Hazeman,shazeman8g@marketwatch.com,F,true,113.300129,40.076762,2008,S1_EKS-SI,1988-12-25,TL
Leroi,Layborn,llayborn8h@irs.gov,M,false,-122.6788535,45.5155832,1983,S1-IK,1999-11-25,SL
Luisa,Vala,lvala8i@yandex.ru,F,false,120.3089541,-3.3472662,1997,S2-MIK,1994-02-12,SL
Georas,Najara,gnajara8j@abc.net.au,M,true,-37.4212807,-10.2156554,2009,S1-SI,1989-07-16,TL
Clary,Borless,cborless8k@altervista.org,F,true,-85.14,41.07,2004,S2-MTI,1988-07-08,SL
Kane,Gecke,kgecke8l@ibm.com,M,true,106.8227864,47.9039934,2006,S3-IK,1998-05-17,BL
Trev,Silcocks,tsilcocks8m@marketwatch.com,M,false,102.6298251,14.9649534,2002,S1_EKS-SI,1993-10-11,SL
Stanleigh,Gosford,sgosford8n@liveinternet.ru,M,false,5.4201377,13.2838698,2010,S2-MIK,1992-10-26,BL
Annmarie,Trengove,atrengove8o@rambler.ru,F,false,35.215092,31.963463,2000,S2-MTI,1989-03-15,TL
Melisandra,D'Ugo,mdugo8p@hugedomains.com,F,false,-58.5351929,-34.5802207,1995,S2-MTI,1998-01-10,BL
Jean,Colliar,jcolliar8q@acquirethisname.com,F,true,106.5241371,-7.2035144,2004,S3-IK,1990-03-09,BL
Susana,Lightowler,slightowler8r@cam.ac.uk,F,false,37.2383506,34.2307023,2002,S1_EKS-SI,1998-12-14,BL
Madelle,Yakuntzov,myakuntzov8s@craigslist.org,F,true,31.5594099,49.9958981,2008,S1-IK,1985-09-04,BL
Chaddie,Soulsby,csoulsby8t@scientificamerican.com,M,false,-70.3673152,-15.0418557,1995,S2-MTI,1984-11-27,BL
Rog,Prall,rprall8u@biblegateway.com,M,true,-72.2261466,7.7713572,2006,S1-IK,1995-08-10,SL
Aubrey,Sickamore,asickamore8v@wiley.com,F,false,25.9320036,48.1944728,2008,S2-MIK,1990-09-29,SL
Daisi,Kimbrey,dkimbrey8w@oaic.gov.au,F,false,-66.8521565,10.378758,1989,S1_EKS-SI,1984-01-01,TL
Worthy,Kellie,wkellie8x@newsvine.com,M,true,36.5028259,52.3992802,2010,S1_EKS-SI,1994-04-27,SL
Amalea,Radage,aradage8y@oaic.gov.au,F,false,126.422806,41.933917,1999,S3-IK,1982-04-10,BL
Carlyn,Sweeney,csweeney8z@yellowpages.com,F,false,116.311532,35.066619,2009,S1_EKS-SI,1983-08-09,SL
Carlen,Pegrum,cpegrum90@japanpost.jp,F,true,60.06276,42.12215,2004,S2-MIK,1980-11-10,TL
Barnard,Bilson,bbilson91@admin.ch,M,true,27.225321,-22.6700589,2006,S2-MTI,1980-12-21,BL
Alena,Finneran,afinneran92@uiuc.edu,F,false,117.355421,39.876176,2009,S1_KI-IK,1997-05-18,SL
Yule,Belding,ybelding93@alexa.com,M,false,104.7404269,-3.3365561,2000,S1-SI,1984-02-17,SL
Ikey,Dohr,idohr94@ucla.edu,M,true,108.50387,28.563927,2011,S1_KI-IK,1984-03-05,SL
Beverlee,Aymeric,baymeric95@berkeley.edu,F,false,-47.7243139,-23.8431563,1993,S2-MTI,1981-03-17,BL
Jarred,Dederich,jdederich96@artisteer.com,M,true,-89.0251022,13.4926528,2001,S3-IK,1997-10-29,SL
Bennie,Baxill,bbaxill97@dailymotion.com,M,false,-86.1471939,11.9171458,1987,S1_KI-IK,1982-10-14,TL
Benji,Bromhead,bbromhead98@twitpic.com,M,true,104.246923,52.1940358,2004,S2-MIK,1998-12-14,SL
Pippo,Rimer,primer99@mozilla.org,M,false,20.6621099,50.0248149,2006,S2-MIK,1993-04-20,BL
Eddy,Holtum,eholtum9a@independent.co.uk,M,false,102.224653,31.899413,2012,S2-MTI,1980-08-23,BL
Katrina,Clemenson,kclemenson9b@networksolutions.com,F,true,111.5811123,-6.664163,2002,S1_KI-IK,1982-11-20,BL
Germain,MacLachlan,gmaclachlan9c@examiner.com,M,true,23.9406659,65.9360924,2012,S1-SI,1988-12-25,SL
Warden,O'Brogane,wobrogane9d@earthlink.net,M,true,85.9406745,26.7271466,2002,S2-MTI,1995-03-26,TL
Dorothee,Cazalet,dcazalet9e@blogtalkradio.com,F,true,105.697472,28.590337,2004,S1-IK,1980-11-03,BL
Crystie,Alekhov,calekhov9f@mail.ru,F,true,122.247,-8.6981,2005,S2-MIK,1990-09-08,SL
Dallas,O'Cosgra,docosgra9g@aboutads.info,F,true,20.4360031,49.5570923,2003,S3-IK,2000-03-26,SL
Amerigo,Cogdell,acogdell9h@wikispaces.com,M,false,-45.4874873,-22.8450713,1996,S1_EKS-SI,1982-09-21,TL
Thain,Robinson,trobinson9i@ycombinator.com,M,false,-97.03,47.93,2012,S2-MTI,1985-05-03,SL
Krystalle,Karpenya,kkarpenya9j@wp.com,F,false,118.516053,32.86593,1992,S2-MIK,1998-11-17,TL
Christoper,Rigolle,crigolle9k@usda.gov,M,true,48.13327,-20.05913,1991,S2-MIK,1989-06-21,SL
Mac,Castanyer,mcastanyer9l@ning.com,M,false,20.1634178,51.2253204,2000,S1_KI-IK,1997-03-03,SL
Dianemarie,Pepperrall,dpepperrall9m@parallels.com,F,false,35.9510395,56.0349544,2000,S1_KI-IK,1996-12-15,SL
Tito,Huggon,thuggon9n@woothemes.com,M,false,5.9294606,43.1283145,1998,S1_KI-IK,1987-07-16,BL
Zacharia,Connor,zconnor9o@dedecms.com,M,false,118.190467,26.170171,1995,S1_KI-IK,1990-12-05,BL
Jennette,O'Driscoll,jodriscoll9p@gmpg.org,F,true,124.5350175,7.1774408,1997,S3-IK,1995-07-25,SL
Cher,Brighty,cbrighty9q@bizjournals.com,F,true,-100.4490239,25.9813294,2004,S1-IK,1982-10-13,TL
Nicol,Sparshutt,nsparshutt9r@technorati.com,M,true,107.281417,-6.2404416,1990,S1-IK,1998-02-04,SL
Nance,Fewell,nfewell9s@jalbum.net,F,false,124.5298181,11.0181098,2010,S2-MIK,1998-11-29,BL
Nonnah,Biskupiak,nbiskupiak9t@about.com,F,true,116.341395,39.726929,2012,S1_EKS-SI,1994-03-11,BL
Levon,Pendred,lpendred9u@scientificamerican.com,M,false,112.794065,22.251924,2000,S2-MTI,1988-10-26,TL
Jessamyn,Petruska,jpetruska9v@nps.gov,F,false,114.926498,38.240395,1989,S2-MIK,1987-09-07,SL
Riccardo,Garrelts,rgarrelts9w@hao123.com,M,false,114.0741,-7.7177,2008,S1_EKS-SI,1994-07-12,BL
Salem,Menilove,smenilove9x@godaddy.com,M,true,-7.787823,41.1242621,1995,S2-MTI,1999-04-13,SL
Maryrose,Tweedy,mtweedy9y@java.com,F,false,19.6028339,49.8719709,2006,S2-MTI,1990-09-01,SL
Theo,Fellenor,tfellenor9z@google.fr,M,false,113.111612,22.560473,1991,S1-SI,1987-04-04,BL
Pace,Abrahamoff,pabrahamoffa0@last.fm,M,true,72.98757,31.363043,1987,S1_EKS-SI,1985-05-17,BL
Carey,McClay,cmcclaya1@youku.com,M,false,18.4538421,44.6254349,1995,S3-IK,1996-05-03,SL
Mureil,Shenfish,mshenfisha2@xrea.com,F,true,-46.941659,-21.2080662,1993,S1_EKS-SI,1996-06-14,SL
Shandra,Aldersey,salderseya3@myspace.com,F,false,0.6085749,7.5866041,1997,S1-SI,1994-11-05,SL
Melli,Kiddle,mkiddlea4@myspace.com,F,true,25.878299,56.501455,2007,S1-IK,1993-08-25,SL
Petey,Colomb,pcolomba5@rakuten.co.jp,M,true,20.0476701,53.0859681,1992,S1-IK,1997-08-25,TL
Nara,Nitto,nnittoa6@t-online.de,F,true,2.4381665,48.6277459,1996,S1_EKS-SI,1981-06-08,TL
Etan,MacFadin,emacfadina7@networksolutions.com,M,false,-122.9057947,49.1536517,1994,S1_EKS-SI,1987-10-22,SL
Montague,Blaw,mblawa8@jugem.jp,M,false,10.1916192,59.1477457,2007,S3-IK,1982-01-24,TL
Kinna,Klimaszewski,kklimaszewskia9@eepurl.com,F,true,-8.4002579,41.3442557,2011,S3-IK,1989-08-13,TL
Tammy,Moiser,tmoiseraa@fc2.com,F,false,45.0629902,9.4101982,2008,S1-SI,1996-02-10,SL
Lotte,Houlson,lhoulsonab@nymag.com,F,false,103.262152,36.733165,1993,S1-SI,1981-08-25,SL
Pepe,Espinoy,pespinoyac@usnews.com,M,true,-46.7655989,-22.1859595,2006,S2-MTI,1999-12-18,TL
Euphemia,Byrne,ebyrnead@hatena.ne.jp,F,true,14.8077914,56.8965251,2011,S1-IK,1993-10-31,BL
Gabie,Northcott,gnorthcottae@cisco.com,M,true,-34.8450118,-7.1194958,2012,S2-MTI,1984-08-30,BL
Anne-corinne,Gowar,agowaraf@yahoo.co.jp,F,false,43.5438088,56.4808469,1993,S1-IK,1986-07-05,SL
Austin,Franklin,afranklinag@netvibes.com,M,true,108.3102916,11.641927,1993,S2-MIK,1986-03-04,BL
Farleigh,Maciocia,fmaciociaah@shop-pro.jp,M,false,103.2022055,13.09573,1989,S2-MIK,1988-05-23,BL
Tiertza,Bleaden,tbleadenai@merriam-webster.com,F,false,16.74043,50.50505,1995,S1-IK,1997-02-11,BL
Jennee,Botcherby,jbotcherbyaj@quantcast.com,F,false,112.9884237,28.2281301,2004,S1_EKS-SI,1990-12-05,SL
Lizette,Fawley,lfawleyak@amazon.co.uk,F,true,119.004816,32.667571,1996,S3-IK,1982-12-10,BL
Leelah,Soutter,lsoutteral@ft.com,F,false,42.1226825,9.3125556,2006,S3-IK,1995-03-29,SL
Quintina,Cathro,qcathroam@xinhuanet.com,F,false,120.307334,29.831643,1996,S1-IK,1980-06-17,SL
Whitney,Bagshawe,wbagshawean@com.com,F,true,120.839842,31.129098,1996,S1_KI-IK,1986-04-26,BL
Myrtice,Fenny,mfennyao@earthlink.net,F,false,123.198486,7.638859,1998,S2-MTI,1982-01-10,BL
Warden,Charity,wcharityap@home.pl,M,false,-70.490794,9.4387872,2000,S1_KI-IK,1994-03-12,TL
Janessa,Nickels,jnickelsaq@mozilla.org,F,false,5.66466,58.848193,2011,S1-IK,1983-08-19,TL
Natka,Goulston,ngoulstonar@webeden.co.uk,F,true,79.869589,52.8340622,1991,S2-MTI,2000-03-15,BL
Elset,Coxen,ecoxenas@cbc.ca,F,false,-53.9759139,-27.5571934,1966,S2-MIK,1990-01-13,TL
Cull,Laxe,claxeat@accuweather.com,M,true,-1.0873551,13.0910405,1992,S1-SI,1998-04-28,TL
Davidson,Eatock,deatockau@privacy.gov.au,M,false,108.6517064,-7.511308,2001,S2-MTI,1997-05-27,SL
Westbrooke,O' Quirk,woquirkav@utexas.edu,M,true,-97.0821162,33.1362221,1992,S2-MTI,1997-11-15,SL
Kingston,Lynthal,klynthalaw@scientificamerican.com,M,false,109.0809868,-7.3519383,2010,S1-SI,1993-01-26,SL
Cherri,Clendinning,cclendinningax@cbslocal.com,F,false,110.397656,21.192457,1987,S1-SI,1998-07-26,BL
Arny,Pilbury,apilburyay@house.gov,M,false,93.517216,31.511818,2010,S1-IK,1994-02-03,BL
Justen,Hawe,jhaweaz@discovery.com,M,true,106.91786,33.001096,2005,S1-SI,1999-03-20,TL
Rozella,Canto,rcantob0@archive.org,F,false,113.5989,-6.9819,2005,S2-MIK,1988-03-20,TL
Marcelia,Granville,mgranvilleb1@jimdo.com,F,true,-38.463596,-3.8932818,2002,S2-MTI,1991-03-05,TL
May,Kemshell,mkemshellb2@home.pl,F,true,104.011664,30.679359,1976,S3-IK,1997-02-26,TL
Luelle,Bozward,lbozwardb3@opera.com,F,true,-37.3399768,-5.8913185,2003,S1_EKS-SI,1986-09-05,SL
Dominick,O'Crigane,docriganeb4@npr.org,M,false,113.7781575,-7.8816972,2000,S2-MIK,1987-10-30,SL
Cross,Gatch,cgatchb5@chron.com,M,true,9.9576849,37.2083179,1988,S1_KI-IK,1982-12-17,TL
Franky,Tremellan,ftremellanb6@wunderground.com,M,true,37.0051383,35.5916647,2004,S1_KI-IK,1986-10-12,BL
Kym,Singers,ksingersb7@reference.com,F,true,113.173487,27.855928,2007,S1-IK,1982-06-29,SL
Tabbie,Senechault,tsenechaultb8@webnode.com,M,true,35.544145,33.833797,2000,S1-IK,1987-11-23,BL
Quintina,Toms,qtomsb9@elpais.com,F,true,108.2288552,-7.3497666,1995,S3-IK,1998-05-09,BL
Welch,McMichan,wmcmichanba@businessinsider.com,M,false,29.85391,-30.85775,2001,S2-MIK,1997-01-20,BL
Seana,Mattiacci,smattiaccibb@instagram.com,F,true,111.993497,27.700062,2008,S1_KI-IK,1995-09-21,TL
Madison,Itzkovwich,mitzkovwichbc@youku.com,M,true,108.0687579,-7.4133512,1992,S2-MTI,1980-04-07,SL
Anselma,Sedgemore,asedgemorebd@pinterest.com,F,true,111.9343636,-7.7913526,1992,S1-IK,1995-10-02,SL
Layne,Cestard,lcestardbe@sciencedirect.com,F,true,104.030413,35.429135,2010,S2-MIK,1984-08-23,SL
Aymer,Ruck,aruckbf@linkedin.com,M,true,20.0459853,45.6138162,1987,S2-MTI,1983-03-24,SL
Otto,De Vuyst,odevuystbg@ca.gov,M,false,112.453926,34.620202,2000,S3-IK,1993-11-05,BL
Waldo,Woodcock,wwoodcockbh@independent.co.uk,M,true,-8.4170742,41.3836182,2004,S2-MTI,1997-09-02,SL
Ned,Gash,ngashbi@weather.com,M,true,7.6697323,7.138166,2001,S2-MTI,1998-10-24,BL
Chas,Saladin,csaladinbj@icq.com,M,false,110.973252,30.823054,2003,S1-IK,1983-02-10,SL
Alphard,Shilstone,ashilstonebk@altervista.org,M,true,42.344717,52.0016128,1999,S1-SI,1987-12-02,TL
Tremaine,Proughten,tproughtenbl@patch.com,M,false,21.124684,49.966003,2012,S1-IK,1988-10-15,TL
Kennith,Zanotti,kzanottibm@hubpages.com,M,false,-74.643383,4.203572,1991,S1_EKS-SI,1998-11-30,SL
Annis,Schuricke,aschurickebn@icio.us,F,false,42.7085996,41.6764745,2010,S1_EKS-SI,1982-04-10,SL
Elliot,Lelliott,elelliottbo@npr.org,M,false,-76.95139,-11.18917,1997,S2-MIK,1996-10-25,BL
Marla,Scholes,mscholesbp@blinklist.com,F,false,68.627038,27.5989477,2002,S1-IK,1996-05-03,BL
Adrian,De Paepe,adepaepebq@cdc.gov,F,false,35.4190083,52.2960003,1996,S1-IK,1993-02-14,SL
Rebe,Ewen,rewenbr@diigo.com,F,false,120.6706833,27.7845955,1976,S2-MIK,1988-09-15,TL
Sheffie,Woolf,swoolfbs@freewebs.com,M,true,-9.1115941,51.7203863,2000,S3-IK,1990-09-26,TL
Kinny,Boltwood,kboltwoodbt@businessweek.com,M,false,-0.3696612,43.2916776,1996,S3-IK,1991-04-10,BL
Kiley,Truwert,ktruwertbu@deviantart.com,M,true,-15.4478131,12.2294835,2001,S2-MIK,1999-02-15,BL
Corbet,Safont,csafontbv@google.fr,M,true,-7.4229064,39.2868418,1985,S3-IK,1990-10-15,TL
Meryl,Clamp,mclampbw@joomla.org,F,true,-6.2057463,53.3870149,2011,S2-MTI,1985-08-26,TL
Sib,Trevan,strevanbx@discovery.com,F,false,18.0891528,59.288124,1984,S3-IK,1998-09-22,BL
Conway,Lavigne,clavigneby@hp.com,M,true,124.3754414,-9.6670621,2009,S1_KI-IK,1981-05-24,SL
Parrnell,Shingles,pshinglesbz@free.fr,M,true,113.7136,-7.0609,2012,S1-IK,1990-03-19,BL
Delbert,Hasson,dhassonc0@google.co.uk,M,true,24.1658808,50.7371757,2009,S1-SI,1997-02-26,TL
Fitz,Riseborough,friseboroughc1@tripod.com,M,true,119.2262667,-9.4964,1999,S1-IK,1995-04-16,TL
Cris,Sharply,csharplyc2@discovery.com,F,false,-9.2406619,38.661678,2007,S1-IK,1980-07-17,TL
Bastien,Tryhorn,btryhornc3@ezinearticles.com,M,true,18.309005,49.3649919,2010,S1_KI-IK,1980-05-16,SL
Cinnamon,Pelz,cpelzc4@nih.gov,F,false,112.865891,39.193073,2001,S1_KI-IK,1990-09-19,TL
Devland,MacGall,dmacgallc5@meetup.com,M,false,37.3822945,50.0600037,1997,S1_EKS-SI,1982-06-02,TL
Letti,Benninck,lbenninckc6@ocn.ne.jp,F,true,117.251586,39.128291,1991,S3-IK,1998-09-13,TL
Shayne,Courson,scoursonc7@tamu.edu,F,false,40.107778,47.8075,1999,S1_EKS-SI,1992-09-19,TL
Sondra,Freeland,sfreelandc8@webmd.com,F,false,-58.4373491,-34.6669709,2006,S1-IK,1998-02-01,BL
Adrian,Whelpdale,awhelpdalec9@furl.net,M,true,110.7742709,-7.6144216,1999,S1_EKS-SI,1985-06-08,BL
Bail,Philps,bphilpsca@1und1.de,M,false,115.573036,35.071102,2009,S1-IK,1987-08-08,BL
Dalston,Dugald,ddugaldcb@statcounter.com,M,true,110.9561,-6.427987,2003,S1_EKS-SI,1999-09-20,TL
Dorian,Blanking,dblankingcc@nbcnews.com,M,true,-79.3894938,43.6623015,1999,S1-IK,1992-12-16,TL
Edward,Waine,ewainecd@netvibes.com,M,false,124.0585732,-9.9851249,1992,S2-MIK,1993-06-24,SL
Tiebout,Henrot,thenrotce@blogger.com,M,true,16.6652363,63.0077349,1992,S2-MIK,1991-05-25,BL
Celestyna,Arnowitz,carnowitzcf@qq.com,F,true,134.6086469,34.1990503,1988,S3-IK,1991-12-13,TL
Carroll,McKinnon,cmckinnoncg@qq.com,F,false,27.4380189,-28.6880903,2004,S1_KI-IK,1993-02-04,TL
Lovell,Sisselot,lsisselotch@aol.com,M,false,-90.0163544,29.9246825,1995,S1-SI,1993-10-27,TL
Forster,Pigott,fpigottci@cnet.com,M,true,116.576092,37.335794,2006,S2-MTI,1981-05-21,TL
Rad,Ganders,rganderscj@delicious.com,M,false,7.8374651,48.0044582,2009,S2-MTI,1985-02-03,SL
Isaiah,Hacquoil,ihacquoilck@facebook.com,M,true,49.1904301,34.391746,1999,S1-IK,1985-09-15,BL
Titus,Smissen,tsmissencl@tmall.com,M,true,-104.8202462,41.1399814,2010,S3-IK,1991-01-10,BL
Alfy,Dearle,adearlecm@tinyurl.com,F,false,21.4727058,61.1066573,2002,S1_KI-IK,1988-06-07,TL
Perl,De Domenico,pdedomenicocn@seesaa.net,F,true,29.0542223,49.8461722,1997,S2-MIK,1981-09-08,BL
Hayley,Valentino,hvalentinoco@google.co.uk,F,true,-7.5528376,41.8033445,1994,S3-IK,1998-07-05,SL
Benny,Moncrefe,bmoncrefecp@sakura.ne.jp,F,true,19.1833654,49.6246813,2007,S1-SI,1987-01-05,BL
Jaclyn,Madeley,jmadeleycq@skyrock.com,F,false,-50.1584514,-25.0993621,1992,S1_EKS-SI,1994-11-02,TL
Donn,Peckham,dpeckhamcr@deliciousdays.com,M,true,14.9063338,49.6101863,1993,S1_EKS-SI,1995-11-26,TL
Shelton,Brazier,sbraziercs@yale.edu,M,true,90.6387949,24.8500604,2006,S3-IK,1984-09-02,BL
Emlyn,Rodden,eroddenct@bravesites.com,M,true,108.2318208,-7.7357871,2005,S2-MTI,1995-11-19,SL
Eb,Iglesias,eiglesiascu@geocities.jp,M,false,0.2075745,48.0885087,1993,S1_EKS-SI,1999-07-21,SL
Elfrida,Utley,eutleycv@goo.gl,F,false,113.454975,22.884636,1995,S2-MIK,1996-01-25,TL
Melinde,Loges,mlogescw@is.gd,F,false,-78.0699576,-7.5739492,2001,S1-SI,1995-05-27,BL
Austin,Juschke,ajuschkecx@chron.com,F,false,45.4863093,-25.3168473,1993,S1_EKS-SI,1991-05-23,BL
Alphonse,Kubat,akubatcy@naver.com,M,false,-86.7114545,33.6523096,1994,S1_EKS-SI,1999-06-28,SL
Bernard,Vannucci,bvannuccicz@shutterfly.com,M,false,108.7986202,28.0896014,2011,S1-SI,1995-05-18,BL
Eba,Darwen,edarwend0@discovery.com,F,false,-60.9983817,8.5802612,1990,S1-SI,1990-07-13,SL
Belvia,Stoakley,bstoakleyd1@altervista.org,F,false,-35.1048713,-7.5944434,2001,S1-IK,1984-11-23,SL
Latia,Hunnable,lhunnabled2@surveymonkey.com,F,true,81.614468,28.0547578,1992,S3-IK,1983-04-29,TL
Jada,Wavish,jwavishd3@webs.com,F,false,123.85681,10.277766,1992,S2-MTI,1981-12-13,SL
Cristian,Downton,cdowntond4@yolasite.com,M,false,96.0790961,56.6773409,2005,S1-IK,1984-07-04,TL
Gris,Brandle,gbrandled5@google.com.hk,M,true,61.8951809,25.2284355,1993,S3-IK,1991-08-15,BL
Liz,Brownsett,lbrownsettd6@e-recht24.de,F,true,114.9042208,27.0874564,1995,S1-SI,1988-07-26,TL
Ferne,Clynmans,fclynmansd7@unc.edu,F,true,-72.6269289,-38.9573,2005,S2-MTI,1995-01-17,TL
Robenia,Dubbin,rdubbind8@sina.com.cn,F,true,113.143441,23.028956,2006,S3-IK,1990-01-06,BL
Chelsae,Brandreth,cbrandrethd9@earthlink.net,F,false,15.7118669,53.8917777,2003,S1_KI-IK,1985-04-03,BL
Eddy,Heading,eheadingda@devhub.com,M,false,-11.4779299,7.5048177,2010,S1-SI,1989-06-16,BL
Darlene,Rydzynski,drydzynskidb@storify.com,F,true,120.9221678,17.0056829,1996,S3-IK,1997-05-21,SL
Charles,Zincke,czinckedc@nymag.com,M,false,-8.143466,39.9483942,1993,S2-MTI,1996-10-18,TL
Sigmund,Amberg,sambergdd@ehow.com,M,false,-112.8149467,49.6619465,1990,S3-IK,1989-02-05,SL
Gretna,Martyns,gmartynsde@netlog.com,F,false,107.8034,-7.3559,2006,S1-SI,1986-12-11,TL
Joelie,Treanor,jtreanordf@yahoo.com,F,false,-93.1560055,16.7620996,1996,S1-IK,1991-08-17,SL
Sly,Gaffon,sgaffondg@youku.com,M,false,120.878102,14.1507357,2007,S3-IK,1984-04-06,TL
Deanna,Lean,dleandh@google.fr,F,true,40.5773582,57.4572354,2011,S1-SI,1991-12-31,TL
Barnabas,Tinwell,btinwelldi@google.de,M,false,98.3227892,7.9247693,1997,S1_KI-IK,1981-04-02,BL
Faustina,Immings,fimmingsdj@wikimedia.org,F,false,5.9675963,47.2215999,2012,S2-MIK,1986-02-27,SL
Arlyn,Batisse,abatissedk@soup.io,F,true,123.2559847,0.9073068,2012,S1-IK,1998-06-28,TL
Price,Currom,pcurromdl@bloglovin.com,M,true,117.430061,23.701262,1994,S1-SI,1999-04-22,SL
Bradney,Gaskin,bgaskindm@deliciousdays.com,M,true,20.6481794,8.4101505,2012,S1_EKS-SI,1986-03-28,BL
Charla,Guard,cguarddn@51.la,F,false,15.5297943,49.8098094,2006,S2-MTI,1986-04-02,TL
Bryon,Lafferty,blaffertydo@chicagotribune.com,M,false,40.5203448,8.8174466,1998,S1_EKS-SI,1984-07-08,TL
Joye,Wisby,jwisbydp@nasa.gov,F,false,101.6490959,12.7797397,2000,S3-IK,1990-02-18,TL
Merwyn,Cartin,mcartindq@uiuc.edu,M,false,-9.0860982,38.5557833,1995,S1-SI,1996-03-16,SL
Zulema,Hawke,zhawkedr@ehow.com,F,false,-47.3510778,-0.6801982,2010,S2-MTI,1991-09-29,SL
Shem,Barkworth,sbarkworthds@mac.com,M,false,102.4253001,15.5835978,1993,S1_KI-IK,1983-11-06,SL
Cort,Whitaker,cwhitakerdt@barnesandnoble.com,M,true,21.1844774,55.6845883,2012,S2-MTI,1992-07-01,BL
Jeannette,Jovey,jjoveydu@tmall.com,F,true,-8.3359459,42.0480121,2010,S2-MTI,1991-09-21,BL
Margo,Sword,msworddv@seattletimes.com,F,true,19.0544773,47.479469,2009,S2-MTI,1987-10-31,SL
Alard,Pailin,apailindw@photobucket.com,M,false,100.3976471,13.657613,2009,S1-SI,1993-08-18,BL
Sabine,Ratt,srattdx@hugedomains.com,F,true,-8.2803826,41.2600949,1997,S3-IK,1990-04-16,BL
Amory,Worpole,aworpoledy@quantcast.com,M,true,72.9842682,29.5300365,1998,S1_EKS-SI,1987-09-15,BL
Jessie,Bartley,jbartleydz@ca.gov,M,true,40.1587542,45.9184314,1996,S1-SI,1997-06-21,SL
Ham,Chelley,hchelleye0@indiatimes.com,M,false,-77.8645669,1.140872,1986,S1-IK,1989-04-05,BL
Robinette,Graysmark,rgraysmarke1@blogtalkradio.com,F,false,27.225321,-22.6700589,2003,S2-MIK,1980-08-21,BL
Hanna,Cleife,hcleifee2@dyndns.org,F,false,35.4288797,7.1966596,1997,S1-SI,1987-05-03,BL
Debby,Albasini,dalbasinie3@mlb.com,F,true,-81.4633516,41.0285407,2006,S3-IK,1980-12-20,SL
Gwenora,Kline,gklinee4@psu.edu,F,true,101.9861694,20.690696,2011,S2-MTI,1990-12-26,TL
Sly,Strank,sstranke5@altervista.org,M,true,103.3587288,11.5762804,1984,S2-MIK,1990-04-03,BL
Rubie,Andriss,randrisse6@msn.com,F,true,120.8294888,14.86876,2006,S1_KI-IK,1999-09-22,TL
Ariadne,Slyman,aslymane7@nba.com,F,false,91.5523435,27.3325014,1968,S1_EKS-SI,1981-11-17,TL
Sunshine,Charrington,scharringtone8@ebay.com,F,true,43.0377128,43.4627537,2012,S1-IK,1996-10-02,BL
Niki,Benger,nbengere9@columbia.edu,F,false,120.4415242,-8.2922696,1986,S1-SI,1998-03-06,SL
Al,Larmuth,alarmuthea@foxnews.com,M,false,112.4172256,-7.617735,2005,S2-MTI,1991-11-17,TL
Darnall,Schach,dschacheb@blinklist.com,M,false,-43.7764925,-21.2399347,1986,S1-SI,1981-02-20,TL
Murdoch,Copcutt,mcopcuttec@ning.com,M,true,44.18389,13.4535926,1997,S1_EKS-SI,1983-05-16,TL
Nickey,Coggell,ncoggelled@intel.com,M,true,5.1175293,52.08234,2001,S1_KI-IK,1999-12-23,TL
Berget,Kemitt,bkemittee@foxnews.com,F,true,17.6271867,59.8621021,2004,S3-IK,1987-08-07,SL
Morey,Allibone,malliboneef@mashable.com,M,false,20.6511592,42.0615398,1996,S2-MIK,1986-03-31,SL
Val,Reeds,vreedseg@posterous.com,M,false,-71.3205493,48.5556837,1999,S1-IK,1989-01-15,TL
Jinny,Morrish,jmorrisheh@facebook.com,F,true,-81.0488996,34.0051492,1992,S1-IK,1992-08-13,SL
Marlo,Lewinton,mlewintonei@dion.ne.jp,M,false,22.3696964,49.5773435,2009,S2-MTI,1982-12-11,BL
Sayres,Wilber,swilberej@tuttocitta.it,M,false,-9.3779954,38.769738,1985,S1-IK,1993-04-04,SL
Jamaal,Backwell,jbackwellek@usda.gov,M,true,128.2849463,-3.5273652,2012,S1-SI,1999-07-02,SL
Hollie,Alten,haltenel@yolasite.com,F,true,96.2004383,19.7413519,2003,S3-IK,1987-02-02,SL
Ethelin,Lapthorn,elapthornem@accuweather.com,F,false,102.983333,45.533333,2001,S2-MTI,1996-03-21,TL
Rhody,Midgley,rmidgleyen@hugedomains.com,F,false,121.537613,31.270307,1988,S3-IK,1992-11-11,SL
Bobbie,Krause,bkrauseeo@deliciousdays.com,F,false,110.9980457,28.6811253,2002,S1_KI-IK,1983-08-05,SL
Rik,Litherland,rlitherlandep@skyrock.com,M,true,4.804022,43.952499,1988,S1-SI,1986-01-03,SL
Nelie,Puig,npuigeq@wsj.com,F,true,130.8260172,33.0205233,2012,S3-IK,1984-04-05,BL
Gracia,Ferrandez,gferrandezer@blinklist.com,F,true,36.230383,49.9935,2008,S2-MTI,1991-10-18,BL
Roderigo,Fawltey,rfawlteyes@ask.com,M,false,111.3679689,-8.2272033,1991,S2-MTI,1998-07-25,BL
Elle,Cromb,ecrombet@netlog.com,F,true,-60.6944851,-32.9817511,2003,S2-MIK,1987-12-12,TL
Allin,May,amayeu@hud.gov,M,true,12.8726986,56.246131,1998,S1_KI-IK,1980-11-02,BL
Abie,Nicklen,anicklenev@ameblo.jp,M,false,36.5162077,36.1181827,1996,S1_KI-IK,1981-09-05,SL
Leona,Fritschel,lfritschelew@census.gov,F,true,33.5941067,45.1310529,2011,S1-IK,1991-08-10,BL
Hetti,Waison,hwaisonex@liveinternet.ru,F,false,120.1912435,15.9793744,2005,S2-MTI,1995-11-08,SL
Filide,Bagniuk,fbagniukey@arstechnica.com,F,false,14.6315962,45.020739,1997,S2-MIK,1990-11-27,BL
Thor,Thireau,tthireauez@nps.gov,M,false,140.3233207,35.5262299,1998,S1_EKS-SI,1985-02-22,TL
Elijah,Boissieux,eboissieuxf0@unicef.org,M,false,19.6907882,44.7488612,2005,S1-IK,1997-11-29,TL
Guss,Passion,gpassionf1@abc.net.au,M,true,18.4554178,51.3541936,2004,S1-SI,1992-09-25,BL
Trever,Garvin,tgarvinf2@bluehost.com,M,true,22.7786925,61.5597487,1988,S1_EKS-SI,1987-08-05,SL
Alfy,Domanek,adomanekf3@mysql.com,F,true,109.297806,23.696757,2001,S1_KI-IK,1998-01-04,TL
Kelly,Strain,kstrainf4@123-reg.co.uk,F,true,26.3308478,-30.9970748,2002,S1_EKS-SI,1987-05-06,TL
Thibaud,Fairtlough,tfairtloughf5@chicagotribune.com,M,true,113.3287943,27.9983088,2011,S1-IK,1985-07-17,BL
Sorcha,Lorinez,slorinezf6@bluehost.com,F,true,12.7210712,56.0212332,1997,S2-MTI,1996-10-26,TL
Leanna,Persence,lpersencef7@hugedomains.com,F,true,126.207415,8.417766,1997,S1-SI,1989-12-11,BL
Norene,Shemelt,nshemeltf8@noaa.gov,F,false,111.9805058,49.5902725,2007,S2-MTI,1988-11-24,TL
Baudoin,McGavigan,bmcgaviganf9@hubpages.com,M,true,103.620536,30.920219,1993,S1_EKS-SI,1989-12-15,SL
Marchall,Garlette,mgarlettefa@oakley.com,M,true,37.6243984,55.7213148,1997,S1_EKS-SI,1984-07-27,SL
Arabelle,Hosby,ahosbyfb@multiply.com,F,true,10.4705682,1.5837191,2001,S2-MTI,1987-01-17,SL
Roxie,Bricknell,rbricknellfc@posterous.com,F,true,-56.4719928,-21.9111483,2001,S2-MTI,1984-11-10,BL
Court,Kier,ckierfd@gravatar.com,M,false,50.234745,30.5911589,2005,S3-IK,1997-07-10,BL
Humbert,Hablot,hhablotfe@noaa.gov,M,true,1.9038837,43.0429124,2000,S1-SI,1985-04-15,SL
Fairfax,De Carolis,fdecarolisff@amazon.co.jp,M,true,101.273161,23.561556,2001,S2-MIK,1997-05-14,TL
Pace,Bunhill,pbunhillfg@forbes.com,M,false,12.869882,56.4245513,1995,S1-IK,1993-02-25,TL
Abba,Hodges,ahodgesfh@illinois.edu,M,true,10.0742726,62.6768899,2008,S1_EKS-SI,1987-10-28,TL
Madel,Gillbanks,mgillbanksfi@china.com.cn,F,true,114.6193373,-3.3245445,2007,S1-SI,1986-01-13,TL
Shannon,Kinnon,skinnonfj@accuweather.com,F,false,-108.2930839,52.7785658,2001,S1_EKS-SI,1990-05-04,TL
Reider,Greenman,rgreenmanfk@oracle.com,M,false,62.3682506,37.2944409,2007,S1-IK,1999-01-02,BL
Mannie,Petto,mpettofl@dedecms.com,M,true,111.902604,21.912701,2003,S1-IK,1992-03-18,BL
Ali,Gealle,ageallefm@t-online.de,F,false,-75.4111644,9.9141597,2010,S1-IK,1980-04-14,TL
Gisella,Mitchener,gmitchenerfn@pbs.org,F,false,-2.5098914,34.5824996,1984,S2-MIK,1988-03-23,BL
Kathy,Chesnut,kchesnutfo@behance.net,F,false,-72.5815752,42.1072582,2006,S3-IK,1984-07-29,BL
Morganica,Holdey,mholdeyfp@paypal.com,F,true,112.749865,-7.261568,2010,S1_KI-IK,1994-10-05,BL
Ilene,Snedden,isneddenfq@myspace.com,F,true,-52.3400517,-23.9145273,2002,S2-MTI,1990-08-11,BL
Ranice,Pizzie,rpizziefr@hp.com,F,true,95.8601611,20.8765931,2007,S3-IK,1980-07-18,SL
Marlowe,Robilliard,mrobilliardfs@omniture.com,M,true,123.3058014,7.6392002,2000,S2-MIK,1981-02-24,TL
Nessi,Kerley,nkerleyft@salon.com,F,true,-8.9534587,39.3442902,1996,S2-MIK,1987-06-15,TL
Novelia,Espinay,nespinayfu@linkedin.com,F,true,-80.847466,22.3825415,2011,S2-MIK,1991-08-16,TL
Thatcher,Torrance,ttorrancefv@blogs.com,M,true,11.5089621,48.1288628,2011,S1_KI-IK,1994-06-13,SL
Vita,Mayler,vmaylerfw@simplemachines.org,F,true,110.1434668,-7.893728,1988,S1_KI-IK,1998-06-03,BL
Gabie,Ayer,gayerfx@chronoengine.com,M,false,-12.933333,11.183333,2005,S2-MTI,1993-08-15,BL
Vanya,Carnier,vcarnierfy@theglobeandmail.com,M,true,-9.2845234,39.2126147,2004,S2-MTI,1996-12-04,BL
Isidro,Eaklee,ieakleefz@amazon.co.jp,M,false,5.1175293,52.08234,2006,S1-IK,1986-04-06,TL
Patrick,Petofi,ppetofig0@jimdo.com,M,false,-3.2602564,47.785421,2007,S1-IK,1991-12-28,SL
Bartram,Matteoli,bmatteolig1@gov.uk,M,false,120.174895,30.387552,2010,S1-SI,1980-07-20,TL
Bonnibelle,Gilder,bgilderg2@vkontakte.ru,F,false,118.089425,24.479833,2000,S1-IK,1994-04-04,SL
Trev,Cardoso,tcardosog3@go.com,M,true,108.1132212,-7.3571693,1999,S1-SI,1996-05-01,TL
Ilse,Naul,inaulg4@seattletimes.com,F,false,10.3070483,63.3772787,2010,S2-MTI,1990-08-08,BL
Emlyn,Kenefick,ekenefickg5@infoseek.co.jp,M,true,133.4885513,34.9852597,2008,S2-MIK,1983-05-18,TL
Helena,Malloy,hmalloyg6@java.com,F,false,79.8441645,6.9333793,2011,S1-SI,1985-11-11,SL
Eugenio,Ivamy,eivamyg7@deliciousdays.com,M,false,-39.6930912,-17.8938032,2001,S3-IK,1997-05-20,BL
Anthe,Ouldred,aouldredg8@artisteer.com,F,false,-68.8824233,12.1224221,2002,S2-MTI,1994-11-07,BL
Farris,Rennix,frennixg9@stumbleupon.com,M,false,-77.0881034,18.1752248,1988,S1_EKS-SI,1986-02-01,BL
Giorgio,Milkeham,gmilkehamga@bizjournals.com,M,false,-37.269356,-8.0751481,2000,S1_KI-IK,1999-04-09,SL
Friederike,Knappitt,fknappittgb@unesco.org,F,false,-66.0255368,-17.6091383,2002,S2-MTI,1985-06-08,SL
Moyra,Mordaunt,mmordauntgc@intel.com,F,true,140.276147,-6.080007,2006,S1_EKS-SI,1989-02-18,SL
Lela,Klemps,lklempsgd@taobao.com,F,true,115.169522,-8.714498,2002,S1_KI-IK,1992-10-03,SL
Cherrita,Webby,cwebbyge@bandcamp.com,F,true,133.86495,44.16652,2010,S1-IK,1986-10-25,BL
Emylee,Brehat,ebrehatgf@bloglovin.com,F,false,18.4095578,47.1910839,2011,S1_KI-IK,1980-07-01,TL
Saxon,Rembrandt,srembrandtgg@msn.com,M,true,113.823131,22.671042,1994,S3-IK,1997-04-07,BL
Giselle,Crighton,gcrightongh@goo.gl,F,false,-89.2894733,13.6757837,2008,S3-IK,1985-10-07,SL
Junie,Woolland,jwoollandgi@t-online.de,F,true,116.8212507,40.1598524,2009,S2-MTI,1988-09-25,SL
Lynde,Brient,lbrientgj@soup.io,F,false,120.4583412,30.2787798,1998,S1-IK,1988-08-05,BL
Trude,Mc Grath,tmcgrathgk@cargocollective.com,F,true,132.5565112,44.3348462,2007,S1-IK,1984-07-24,TL
Andreas,Ruusa,aruusagl@gmpg.org,M,true,114.1543243,30.3414125,2012,S1-SI,1991-02-10,BL
Emmye,Launder,elaundergm@comsenz.com,F,true,22.0862303,53.1859207,2006,S1_KI-IK,1980-12-18,TL
Horton,Corbridge,hcorbridgegn@amazon.co.jp,M,true,121.0108932,14.5659717,2003,S1_EKS-SI,1993-04-03,SL
Elka,Dulake,edulakego@wunderground.com,F,false,110.691139,37.399373,2004,S2-MIK,1982-02-28,BL
Carole,Piggford,cpiggfordgp@elpais.com,F,true,-4.976654,6.4687099,2011,S1-IK,1987-07-11,BL
Serge,Mucklestone,smucklestonegq@sphinn.com,M,false,90.2391,49.6169133,2002,S2-MIK,1986-01-02,SL
Shaylah,Coysh,scoyshgr@cloudflare.com,F,false,37.601984,55.893363,2004,S2-MTI,1984-05-09,SL
Rochella,Dessaur,rdessaurgs@wikimedia.org,F,true,70.5696268,40.215006,2011,S1-IK,1981-09-27,TL
Roscoe,Mumberson,rmumbersongt@bandcamp.com,M,true,138.7316925,35.4950957,2009,S2-MIK,1992-05-19,TL
Darren,Assard,dassardgu@cocolog-nifty.com,M,false,138.9363063,35.0725969,2001,S1-IK,1997-11-30,TL
Judye,Weiner,jweinergv@mysql.com,F,true,30.1011836,-4.5702358,1998,S1-IK,1981-03-30,BL
Ailene,Adne,aadnegw@wsj.com,F,false,73.1963111,42.8718884,2006,S1-SI,1985-12-09,BL
Robin,Garlicke,rgarlickegx@arstechnica.com,F,false,21.01139,41.11028,2011,S1_KI-IK,1989-03-21,BL
Katrina,Roloff,kroloffgy@gizmodo.com,F,true,140.4806732,35.9889377,2001,S1-IK,1982-11-13,TL
Thomasine,Trouel,ttrouelgz@wix.com,F,true,32.2595792,51.7754831,1992,S1_KI-IK,1996-11-23,TL
Cosmo,Payn,cpaynh0@twitter.com,M,true,11.21814,10.04208,2001,S2-MTI,1999-09-05,SL
Kelcie,Kinnerk,kkinnerkh1@hubpages.com,F,true,-40.2884386,-7.740099,1997,S2-MTI,1997-04-18,TL
Kayle,Marieton,kmarietonh2@addtoany.com,F,true,43.2811579,33.4352789,1992,S2-MIK,1992-09-07,TL
Cash,Orrin,corrinh3@hugedomains.com,M,false,130.0402377,33.4484729,2002,S1-IK,1994-11-12,BL
Noami,Barringer,nbarringerh4@rediff.com,F,false,-8.645463,41.9560666,1991,S1-SI,1982-03-20,SL
Gradey,Struthers,gstruthersh5@yahoo.co.jp,M,false,17.0036172,44.871595,2009,S2-MIK,1987-05-25,SL
Fielding,Wimlet,fwimleth6@wix.com,M,true,121.038129,28.220406,1998,S1-SI,1987-10-24,SL
Boot,Pierro,bpierroh7@soundcloud.com,M,true,113.5758261,-7.0250344,1997,S2-MTI,1998-03-24,SL
Elene,Simone,esimoneh8@java.com,F,true,120.618585,30.67705,2009,S3-IK,1987-01-06,SL
Angelique,Stonehouse,astonehouseh9@dot.gov,F,false,-70.2408325,-6.8416993,2004,S1_EKS-SI,1988-03-10,TL
Thorny,Archibold,tarchiboldha@infoseek.co.jp,M,false,91.3992147,53.7667424,2008,S2-MIK,1995-04-07,BL
Simonne,Folliott,sfolliotthb@skype.com,F,true,57.973082,35.2617507,2005,S3-IK,1981-10-01,BL
Teodora,Sherrum,tsherrumhc@wp.com,F,true,129.3209986,40.9612198,2009,S1_KI-IK,1989-01-19,TL
Karlens,Youthead,kyoutheadhd@redcross.org,M,true,-87.997164,15.6497514,1998,S1_EKS-SI,1982-10-07,SL
Jonathan,Misk,jmiskhe@qq.com,M,false,9.2415192,48.8096645,2008,S1_KI-IK,1984-07-31,SL
Richart,MacGorman,rmacgormanhf@nature.com,M,false,24.0399227,61.4692103,1995,S1_KI-IK,1994-12-17,TL
Viv,Scorah,vscorahhg@cornell.edu,F,true,-60.1976374,-33.3672731,1997,S3-IK,1996-06-02,TL
Loria,Burnage,lburnagehh@answers.com,F,false,-9.151825,54.11215,1988,S3-IK,1983-12-08,BL
Alica,Kenewell,akenewellhi@buzzfeed.com,F,true,10.9882593,35.4885986,2006,S3-IK,1996-04-11,BL
Ripley,Phalip,rphaliphj@mapquest.com,M,true,14.2794469,50.1328637,1993,S1_KI-IK,1998-02-08,BL
Denny,Hamnett,dhamnetthk@paypal.com,M,true,118.931012,31.215291,2007,S1_KI-IK,1983-09-16,SL
Georgianna,Dmitrievski,gdmitrievskihl@businessinsider.com,F,false,11.9101293,57.6999197,1993,S1_KI-IK,1981-08-17,TL
Beverlie,Abeles,babeleshm@webeden.co.uk,F,true,112.292967,22.879419,2012,S1_EKS-SI,1983-07-07,TL
Valera,Pidgeley,vpidgeleyhn@army.mil,F,true,-38.5761383,-10.7824056,1993,S1_KI-IK,1997-04-24,BL
Gwennie,Crenshaw,gcrenshawho@netscape.com,F,true,112.4500076,-6.9176355,2010,S1_KI-IK,1981-01-30,TL
Sharla,Probbin,sprobbinhp@mlb.com,F,true,37.0588169,9.1248242,2011,S1-SI,1982-08-12,TL
Dorotea,Readhead,dreadheadhq@posterous.com,F,true,45.1311627,54.2829624,2009,S1-IK,1988-01-04,TL
Alexio,Readings,areadingshr@dropbox.com,M,false,120.2628111,-2.7195658,1986,S2-MIK,1986-12-04,SL
Alaric,Petroff,apetroffhs@1und1.de,M,false,116.25,51.88333,2011,S1-SI,1987-02-14,BL
Jeane,Kinsey,jkinseyht@nymag.com,F,true,-87.6433139,41.9203468,2004,S1_KI-IK,1982-08-15,BL
Anne-marie,Shapter,ashapterhu@biglobe.ne.jp,F,false,116.796531,39.708782,1995,S1_EKS-SI,1992-02-10,BL
Harlan,Paffitt,hpaffitthv@bing.com,M,false,121.1092186,14.5665378,2001,S2-MTI,1981-06-06,BL
Timotheus,Crallan,tcrallanhw@printfriendly.com,M,false,-62.2206382,-38.7418721,2007,S1_KI-IK,1997-07-01,SL
Demetrius,Cawdery,dcawderyhx@linkedin.com,M,false,109.5285442,-7.6162571,2010,S1_EKS-SI,1996-11-16,SL
Anastasie,Ranklin,aranklinhy@twitpic.com,F,false,7.4922407,5.5249526,1994,S2-MIK,1987-09-18,TL
Julianne,Vettore,jvettorehz@ask.com,F,false,113.143441,23.028956,2012,S1_EKS-SI,1987-11-25,BL
Greggory,Golightly,ggolightlyi0@themeforest.net,M,false,20.1030049,52.2422556,2005,S1_EKS-SI,1991-10-31,BL
Maurizia,Harwood,mharwoodi1@vkontakte.ru,F,true,19.8369688,52.5055101,1986,S1-SI,1982-06-22,BL
Brody,Keeley,bkeeleyi2@samsung.com,M,false,40.3138699,46.8515406,1909,S2-MTI,1994-10-29,SL
Trace,Skittreal,tskittreali3@chicagotribune.com,M,false,103.0472164,16.6036472,2002,S1-SI,1987-05-22,SL
Connor,Jerdan,cjerdani4@ucla.edu,M,false,108.3890321,-6.4153234,2002,S2-MTI,1993-07-31,BL
Norrie,Hempel,nhempeli5@shinystat.com,F,false,91.631072,47.5196602,1996,S2-MIK,1984-07-24,BL
Lizabeth,Josephi,ljosephii6@storify.com,F,true,136.2423721,35.2571984,2004,S1_KI-IK,1989-09-15,TL
Selena,Goley,sgoleyi7@ehow.com,F,true,112.4455374,-7.316501,1994,S1-IK,1985-04-25,TL
Cristin,Beeckx,cbeeckxi8@altervista.org,F,false,-0.5683399,12.6612116,2009,S1-IK,1981-12-13,TL
Vale,Harder,vharderi9@ibm.com,F,true,12.5532982,55.6840317,1998,S3-IK,1984-10-22,TL
Stanton,Arstingall,sarstingallia@latimes.com,M,true,29.3889082,-13.6211552,1971,S1-IK,1997-04-05,BL
Orelie,Hembery,ohemberyib@mit.edu,F,false,6.07097,47.278918,1996,S1-IK,1999-08-10,TL
Latia,Milsted,lmilstedic@51.la,F,false,-42.030947,-20.2555875,2009,S1-IK,1998-05-07,TL
Susie,Raison,sraisonid@blinklist.com,F,true,47.0496015,40.7702563,2012,S2-MTI,1980-05-15,SL
Correy,Nabbs,cnabbsie@nature.com,M,false,22.7219856,43.736236,2002,S1-IK,1996-12-11,TL
Faye,Daskiewicz,fdaskiewiczif@php.net,F,false,-76.7798172,6.7810505,1998,S3-IK,1990-12-19,SL
Gina,Deeble,gdeebleig@cdbaby.com,F,false,91.847388,29.097342,2013,S1_EKS-SI,1982-07-24,SL
Pryce,Antoniazzi,pantoniazziih@blinklist.com,M,true,49.1314769,37.3621185,2010,S1-IK,1985-08-14,SL
Eloisa,Mattson,emattsonii@hibu.com,F,true,112.0640052,-8.1221236,2011,S2-MTI,1983-07-19,SL
Blondy,Bandiera,bbandieraij@ehow.com,F,false,7.9085254,51.6813704,1999,S2-MIK,1985-11-20,BL
Alexio,Haylor,ahaylorik@yellowpages.com,M,false,119.900272,31.731975,2005,S1_KI-IK,1986-01-21,BL
Delphine,Strettle,dstrettleil@icio.us,F,false,70.3420209,42.5447407,1996,S1-IK,1996-05-03,SL
Norrie,Shatford,nshatfordim@constantcontact.com,F,false,98.533976,29.650449,2010,S1-IK,1993-05-07,TL
Bartel,Mothersdale,bmothersdalein@weebly.com,M,false,-71.3646236,10.2621857,1996,S1_EKS-SI,1995-01-21,TL
Pammi,Asquith,pasquithio@ezinearticles.com,F,false,69.666667,34.433333,1985,S3-IK,1995-12-19,TL
Cymbre,Plowell,cplowellip@slate.com,F,false,110.876154,-6.8308443,2007,S2-MTI,1988-07-29,TL
Stevana,Messier,smessieriq@creativecommons.org,F,true,108.4068343,-7.0795255,2010,S2-MIK,1981-11-02,BL
Shelly,Ubanks,subanksir@reuters.com,F,false,121.7170078,17.6282027,2008,S1-SI,1994-07-08,TL
Loralie,Boules,lboulesis@cmu.edu,F,true,135.0631263,48.4935627,1988,S1-IK,1997-02-07,TL
Henrie,Egarr,hegarrit@ocn.ne.jp,F,true,49.4008633,33.9345904,1995,S1-SI,1982-04-05,BL
Baryram,Sizland,bsizlandiu@cnbc.com,M,true,100.646607,25.387672,2007,S2-MIK,1987-11-13,BL
Delmor,Lippiatt,dlippiattiv@economist.com,M,true,2.789137,49.395599,1991,S1-IK,1992-06-24,SL
Chiarra,Guillet,cguilletiw@umn.edu,F,false,110.8243272,-7.5754887,1993,S1_EKS-SI,1996-08-10,BL
Chevy,Bolam,cbolamix@blogspot.com,M,true,-75.5101999,39.817642,1995,S2-MTI,1996-03-10,BL
Peri,Linne,plinneiy@e-recht24.de,F,true,-58.3613645,-34.7682125,1997,S3-IK,1997-08-22,TL
Ashbey,Blay,ablayiz@dion.ne.jp,M,true,113.1981987,-8.1545561,1976,S1_EKS-SI,1995-02-06,BL
Andras,Killshaw,akillshawj0@hexun.com,M,true,47.9400154,29.273357,1986,S2-MIK,1982-07-23,TL
Clem,Abbys,cabbysj1@digg.com,F,false,118.331054,29.963494,1994,S1-SI,2000-01-01,SL
Donn,Coldham,dcoldhamj2@cmu.edu,M,false,112.7137227,-7.3276166,2002,S2-MTI,1981-07-31,TL
Dawna,Leavens,dleavensj3@163.com,F,true,94.8261424,20.9006356,2013,S1_KI-IK,1995-02-08,BL
Edin,Lynock,elynockj4@unc.edu,F,false,113.7989815,-2.0978271,2011,S1_KI-IK,1982-11-06,BL
Theressa,Moehler,tmoehlerj5@google.com.au,F,true,24.5263263,61.9095031,1994,S1_EKS-SI,1987-09-20,TL
Adan,Croney,acroneyj6@census.gov,F,true,20.7765351,49.687421,2012,S3-IK,1983-12-27,TL
Giusto,Vize,gvizej7@imageshack.us,M,false,49.0891636,53.8168303,1994,S1_EKS-SI,1992-04-29,TL
Lawrence,Macklin,lmacklinj8@miibeian.gov.cn,M,false,120.4607543,14.8682154,1984,S2-MTI,1997-07-18,SL
Elena,Michelle,emichellej9@ning.com,F,true,-87.8893383,14.9817467,2000,S2-MIK,1991-10-24,BL
Jacquette,Roskilly,jroskillyja@ebay.co.uk,F,true,49.9161886,26.6274775,2011,S2-MTI,1997-04-11,SL
Leupold,Kimblen,lkimblenjb@seattletimes.com,M,true,22.9355752,44.0086458,2003,S2-MIK,1989-06-21,SL
Jerad,Bletcher,jbletcherjc@joomla.org,M,false,-8.555735,41.3366888,2012,S1_KI-IK,1980-09-11,BL
Mikol,Baddiley,mbaddileyjd@webeden.co.uk,M,true,-1.5401497,47.2550409,1994,S2-MTI,1992-10-23,BL
Aubrey,Stonham,astonhamje@taobao.com,M,false,83.142888,49.4753404,1986,S1_EKS-SI,1983-11-07,TL
Son,Woofinden,swoofindenjf@addtoany.com,M,true,110.944708,27.356747,1996,S1-IK,1991-08-18,BL
Tobit,Orrell,torrelljg@quantcast.com,M,true,106.90896,-6.1560113,1994,S1_KI-IK,1981-04-03,SL
Hermione,Keiley,hkeileyjh@soundcloud.com,F,true,108.34987,21.736011,1985,S1-IK,1999-04-13,SL
Kory,Reddihough,kreddihoughji@go.com,M,true,121.498955,31.2371338,2008,S1_EKS-SI,1998-02-11,TL
Glyn,Walster,gwalsterjj@networkadvertising.org,F,false,-13.9922895,65.059972,1994,S1-SI,1997-12-26,BL
Ignazio,Hartell,ihartelljk@vkontakte.ru,M,true,96.4343621,18.9398354,1989,S1_EKS-SI,1998-08-12,SL
Carmel,Horribine,chorribinejl@hexun.com,F,true,13.9920633,56.3815664,2009,S2-MIK,1996-09-24,BL
Ransom,Summerfield,rsummerfieldjm@wisc.edu,M,true,121.31294,39.444422,1996,S1-IK,1991-08-18,BL
Towney,Reach,treachjn@squarespace.com,M,true,104.2890194,22.5383534,2012,S1_KI-IK,1994-06-18,TL
Sophi,Gillespie,sgillespiejo@ycombinator.com,F,true,118.412764,39.765701,2005,S1-SI,1993-05-04,TL
Kev,Whitelaw,kwhitelawjp@yellowpages.com,M,false,121.267875,37.215613,2010,S2-MIK,1994-08-05,TL
Onofredo,Vaulkhard,ovaulkhardjq@mapquest.com,M,true,14.8628712,56.1705322,1995,S1-SI,1988-01-02,BL
Eyde,Dumbar,edumbarjr@netscape.com,F,false,112.3810562,22.8387258,2001,S1_KI-IK,1994-05-31,BL
Parke,Jakobssen,pjakobssenjs@simplemachines.org,M,false,35.26916,31.77078,2008,S2-MIK,1999-12-30,TL
Thedrick,Bredes,tbredesjt@gizmodo.com,M,false,119.007777,25.454084,2000,S2-MTI,1989-03-14,SL
Mirabella,Felten,mfeltenju@webnode.com,F,true,-75.2712393,8.4009121,1999,S1-IK,1997-05-19,SL
Hussein,Delacour,hdelacourjv@domainmarket.com,M,false,-102.4953899,31.8840886,1994,S1_KI-IK,1997-03-26,SL
Ellyn,Bourner,ebournerjw@npr.org,F,false,109.113684,-7.6108474,1995,S1_EKS-SI,1985-11-22,BL
Allissa,Ruddin,aruddinjx@i2i.jp,F,true,-79.8833329,-5.85,2013,S3-IK,1991-04-29,TL
Dylan,Percy,dpercyjy@storify.com,M,true,23.3786254,43.082258,1990,S2-MTI,1990-10-11,TL
Timmie,Riolfi,triolfijz@forbes.com,M,true,23.5105576,49.2760303,2009,S1-IK,1993-07-21,BL
Maryanna,Macrow,mmacrowk0@bbb.org,F,true,28.7416365,48.5334788,2004,S1-SI,1994-08-26,TL
Marmaduke,Twinborne,mtwinbornek1@army.mil,M,true,107.5593913,-6.9069547,1993,S1-SI,1997-05-18,TL
Tammy,Crumly,tcrumlyk2@scientificamerican.com,F,true,112.572018,26.893368,2005,S1_KI-IK,1998-08-23,TL
Ellerey,Scobbie,escobbiek3@jalbum.net,M,false,36.044913,55.499438,2009,S1-IK,1982-07-31,TL
Carny,Cheyenne,ccheyennek4@ezinearticles.com,M,true,15.9523622,-21.4206681,2002,S2-MTI,1991-07-14,TL
Alayne,Moulton,amoultonk5@1und1.de,F,true,50.2212471,-14.7627211,2012,S3-IK,1999-09-17,SL
Giffy,Zannolli,gzannollik6@cloudflare.com,M,false,1.3305567,47.5868157,2009,S2-MIK,1999-06-27,BL
Abie,Goodley,agoodleyk7@squidoo.com,M,true,-8.3482785,41.3575049,2006,S3-IK,1981-11-12,SL
Mitchel,Bullivent,mbulliventk8@exblog.jp,M,false,89.0001154,56.0711371,2010,S2-MTI,1999-10-06,SL
Enrique,Blankett,eblankettk9@accuweather.com,M,false,-47.9340343,-1.3050431,1993,S1_KI-IK,1999-08-25,TL
Thaddus,Blei,tbleika@amazon.co.uk,M,false,-76.0391909,8.7078954,1991,S3-IK,1980-05-13,BL
Mariette,Anfosso,manfossokb@toplist.cz,F,true,-89.3805579,43.0745339,2003,S1_EKS-SI,1982-08-18,TL
Dorella,Peirazzi,dpeirazzikc@g.co,F,false,8.402137,49.4603474,2006,S1_EKS-SI,1985-01-18,TL
Vanny,Vitall,vvitallkd@bing.com,F,true,113.2689358,23.1261788,1998,S3-IK,1997-01-25,TL
Christy,Wadforth,cwadforthke@businessinsider.com,M,false,36.57387,33.03267,2003,S1-IK,1992-04-21,BL
Christoph,Habbon,chabbonkf@irs.gov,M,true,7.8096037,7.0410845,2013,S1_EKS-SI,1981-07-10,TL
Erwin,Puckinghorne,epuckinghornekg@cmu.edu,M,true,17.0036172,44.871595,2011,S1_KI-IK,1980-08-04,SL
Web,Wooffinden,wwooffindenkh@constantcontact.com,M,true,23.3746272,48.5902942,2009,S1_EKS-SI,1982-10-02,BL
Elene,Honsch,ehonschki@java.com,F,false,110.085494,29.341703,2008,S2-MIK,1985-12-12,SL
Shana,Fazzioli,sfazziolikj@ibm.com,F,true,118.002516,31.803171,1999,S1-IK,1990-07-07,BL
Alfonso,Mosson,amossonkk@sbwire.com,M,true,5.5510411,51.7610501,1994,S3-IK,1985-10-04,SL
Siobhan,Wayt,swaytkl@yolasite.com,F,false,122.559309,11.4878347,2006,S2-MTI,1990-09-13,BL
Conney,Eouzan,ceouzankm@ucoz.ru,M,true,-77.866667,-9.483333,2006,S3-IK,1992-07-26,TL
Talbot,Lorinez,tlorinezkn@dmoz.org,M,true,31.9925717,-25.4562038,1993,S1-SI,1986-05-05,SL
Mommy,Hiddy,mhiddyko@geocities.jp,F,true,173.94869,-35.229035,2004,S3-IK,1999-07-17,BL
Rory,Milsted,rmilstedkp@amazon.co.uk,M,true,1.2650349,10.6227552,2007,S3-IK,1984-10-18,TL
Nikolas,Dobble,ndobblekq@fema.gov,M,false,38.7334,51.9041,2010,S3-IK,1983-12-16,BL
Aliza,O'Riordan,aoriordankr@icq.com,F,true,140.1961209,35.9469003,1970,S2-MTI,1990-09-25,TL
Tommie,Rafe,trafeks@amazonaws.com,M,false,-70.4047314,18.9337202,1985,S1_KI-IK,1991-04-06,BL
Damita,Gaukrodge,dgaukrodgekt@lycos.com,F,true,16.0928295,50.7784708,1967,S2-MTI,1991-06-19,BL
Raff,Cloughton,rcloughtonku@google.com.au,M,false,43.2473146,13.8097319,1992,S2-MTI,1998-05-17,SL
Cass,Tremellan,ctremellankv@mac.com,M,false,19.468167,49.917089,2003,S3-IK,1991-08-24,TL
Esme,Peacey,epeaceykw@sun.com,M,false,103.620536,30.920219,1992,S1-IK,1999-05-05,TL
Violette,Gurley,vgurleykx@desdev.cn,F,false,107.1329,-7.2758,1996,S3-IK,1989-02-22,SL
Carver,MacNalley,cmacnalleyky@netvibes.com,M,false,28.1620173,36.2944144,1971,S3-IK,1995-02-25,SL
Mignon,Killick,mkillickkz@nasa.gov,F,true,114.0974489,-8.4382384,1969,S1_EKS-SI,1987-08-25,BL
Judah,Gorke,jgorkel0@t.co,M,true,-15.0608558,13.6095445,1994,S3-IK,1989-06-04,BL
Minerva,Storkes,mstorkesl1@chronoengine.com,F,true,106.0346285,-6.7523072,2002,S3-IK,1990-04-26,TL
Calli,Huster,chusterl2@spiegel.de,F,true,-76.0203323,36.9262849,1998,S1_KI-IK,1996-07-02,BL
Darren,Yurkin,dyurkinl3@jiathis.com,M,true,2.2509675,49.0301146,2003,S2-MIK,1985-01-24,TL
Pauly,Applegarth,papplegarthl4@dot.gov,M,false,4.0911917,49.0511571,1989,S2-MTI,1989-03-03,SL
Jania,Johnes,jjohnesl5@dagondesign.com,F,false,16.3077813,45.8361987,1984,S1-SI,1985-02-19,SL
Bucky,Condon,bcondonl6@mediafire.com,M,false,3.5276642,45.521519,2003,S1_KI-IK,1992-07-24,BL
Ailee,Cullimore,acullimorel7@wiley.com,F,false,112.35518,28.55386,1997,S1_EKS-SI,1999-04-17,SL
Winfield,Arkwright,warkwrightl8@vistaprint.com,M,false,104.6427499,21.2648137,2001,S1-IK,1996-11-04,BL
Benetta,Vermer,bvermerl9@yellowpages.com,F,false,111.9790773,-8.0980648,2009,S1-SI,1992-11-16,TL
Rene,Wormleighton,rwormleightonla@timesonline.co.uk,F,true,32.6770961,48.7192002,1997,S1_EKS-SI,1990-01-27,TL
Rodrique,Duncanson,rduncansonlb@feedburner.com,M,true,22.3615771,39.7451063,2007,S1-IK,1997-04-30,BL
Hestia,Devenny,hdevennylc@sciencedaily.com,F,false,125.582116,41.86624,2006,S1_EKS-SI,1984-09-12,BL
Corry,Cardenosa,ccardenosald@answers.com,F,true,117.6852235,39.0063718,1989,S3-IK,1998-05-11,TL
Jerrold,Bisatt,jbisattle@digg.com,M,true,120.4355906,15.9275907,2008,S2-MTI,1993-09-23,SL
Henderson,Wotton,hwottonlf@deliciousdays.com,M,true,106.635071,-6.175324,2007,S1_KI-IK,1999-07-09,TL
Stanley,Maith,smaithlg@patch.com,M,true,109.840313,40.657978,1988,S1-SI,1980-06-27,TL
Barbra,Goding,bgodinglh@fda.gov,F,false,113.801133,29.859714,2005,S2-MIK,1992-02-29,SL
Arne,Knowlton,aknowltonli@nih.gov,M,false,13.5559769,49.5642187,1996,S2-MIK,1983-05-26,BL
Jdavie,Lunn,jlunnlj@woothemes.com,M,true,-66.8349174,-29.4075749,1985,S2-MIK,1991-11-20,SL
Harrison,Pakenham,hpakenhamlk@a8.net,M,true,121.0134482,14.5662555,2008,S1-IK,1997-02-21,BL
Arel,Cheetam,acheetamll@plala.or.jp,M,false,-61.006385,13.7761367,1995,S1-IK,1999-09-10,TL
Piotr,Errington,perringtonlm@army.mil,M,true,16.5231662,52.8517028,2011,S1_KI-IK,1984-11-04,TL
Stacee,Ricardon,sricardonln@state.gov,M,true,71.4915293,33.5590518,1969,S1-SI,1983-11-26,BL
Jarrod,Frazer,jfrazerlo@mit.edu,M,false,-11.983333,8.3,1987,S1-IK,1984-11-23,TL
Tabb,Schreiner,tschreinerlp@aol.com,M,true,121.1138058,14.6688068,1993,S3-IK,1981-05-25,SL
Alexa,Forre,aforrelq@vinaora.com,F,false,124.796217,7.20312,2012,S1-IK,1983-04-02,BL
Yolande,Shower,yshowerlr@sohu.com,F,true,-40.844989,-14.8503277,2004,S1_KI-IK,1984-05-04,TL
Sidney,Probets,sprobetsls@techcrunch.com,M,true,115.104389,35.88518,1987,S2-MTI,1991-12-23,BL
Bunny,Nyland,bnylandlt@google.ru,F,false,-8.4715169,39.4551146,2007,S1-IK,1991-05-27,BL
Sammy,Speere,sspeerelu@about.com,F,false,118.089425,24.479833,2005,S3-IK,1986-01-01,SL
Bobbie,Egre,begrelv@soundcloud.com,M,false,108.273158,22.781631,2006,S1_EKS-SI,1984-08-19,BL
Rockie,Grushin,rgrushinlw@so-net.ne.jp,M,true,123.6152351,10.1671173,1988,S1-IK,1988-01-09,SL
Imogene,Pilkington,ipilkingtonlx@ustream.tv,F,true,44.4540632,40.0249257,1990,S1-IK,1984-11-08,TL
Aeriela,Boughtflower,aboughtflowerly@example.com,F,true,139.1671308,35.375873,2007,S1-SI,1983-01-18,TL
Orsola,Gatch,ogatchlz@home.pl,F,false,19.7973419,49.9514305,2011,S2-MTI,1991-07-16,TL
Pattin,Shorton,pshortonm0@admin.ch,M,false,-81.2353612,42.9598744,1998,S2-MIK,1992-12-10,TL
Merlina,Eltune,meltunem1@businessinsider.com,F,false,-5.1262689,34.4912621,1997,S1-SI,1994-06-06,BL
Coletta,McGlaughn,cmcglaughnm2@shinystat.com,F,false,-1.4087525,46.6678978,2001,S1-IK,1984-06-16,SL
Gretchen,Habbin,ghabbinm3@nbcnews.com,F,true,-81.6802054,27.9890156,2005,S3-IK,1995-01-08,BL
Christopher,Bole,cbolem4@paginegialle.it,M,true,69.70245,40.49155,1990,S1-SI,1999-12-22,SL
Harold,Szach,hszachm5@gizmodo.com,M,true,10.116667,37.066667,2011,S3-IK,1997-03-24,TL
Loydie,Perview,lperviewm6@goo.ne.jp,M,false,82.9202027,55.0285129,2011,S2-MIK,1986-04-21,TL
Jamesy,Anyene,janyenem7@ifeng.com,M,false,-6.3695384,53.3734053,2002,S1_EKS-SI,1985-02-17,BL
Derick,Harcourt,dharcourtm8@is.gd,M,true,-72.6757236,19.6677746,2006,S3-IK,1994-09-15,SL
Maryann,Malling,mmallingm9@forbes.com,F,true,-46.4617086,-23.668163,2010,S1_EKS-SI,1984-05-05,SL
Mortimer,Wanklin,mwanklinma@nytimes.com,M,true,-77.2520101,1.3796294,1996,S2-MIK,1986-05-21,SL
Jule,Biskup,jbiskupmb@ed.gov,M,false,-3.6902166,40.3954764,2011,S1_KI-IK,1986-08-31,SL
Pattin,Hamlet,phamletmc@huffingtonpost.com,M,false,36.7981073,35.8614715,1990,S2-MIK,1996-04-02,TL
Devlin,Heiss,dheissmd@shinystat.com,M,true,6.685055,43.455312,2006,S1-SI,1998-12-03,TL
Jenn,Sofe,jsofeme@csmonitor.com,F,true,127.059486,45.911222,2000,S2-MIK,1982-04-20,BL
Milly,Dowley,mdowleymf@jimdo.com,F,false,16.9184542,46.1743441,2007,S1-SI,1996-01-01,SL
Bendicty,Nisby,bnisbymg@intel.com,M,true,-81.3674389,19.2869323,1997,S2-MIK,1984-09-13,TL
Ruthy,Riseborough,rriseboroughmh@spotify.com,F,true,114.181701,22.278114,2010,S2-MTI,1997-09-13,TL
Ilyse,Allchorne,iallchornemi@1688.com,F,false,116.655206,23.692546,2010,S2-MTI,1982-01-31,SL
Abbot,Saywood,asaywoodmj@ed.gov,M,false,124.841371,10.132503,1998,S2-MIK,1981-12-30,SL
Crichton,Mafham,cmafhammk@yolasite.com,M,false,109.140438,-7.4832133,2010,S1_EKS-SI,1992-04-20,BL
Johnny,Murrhaupt,jmurrhauptml@java.com,M,false,20.2821264,63.8191979,1990,S2-MIK,1982-09-21,TL
Dinah,Normaville,dnormavillemm@spotify.com,F,true,-8.5468762,40.6205598,1993,S1_KI-IK,1991-07-04,TL
Husain,Carstairs,hcarstairsmn@princeton.edu,M,true,-64.16544,45.06685,2007,S1-SI,1980-12-24,TL
Sarine,Juorio,sjuoriomo@rediff.com,F,true,139.9488853,38.988364,1996,S1-IK,1997-01-23,BL
Otis,Johannesson,ojohannessonmp@opensource.org,M,false,-74.041805,10.2453984,2004,S1_KI-IK,1995-09-11,SL
Dev,Meffin,dmeffinmq@webeden.co.uk,M,true,-98.9545512,19.3852368,1993,S1-IK,1997-01-06,TL
Peder,O'Dowd,podowdmr@feedburner.com,M,false,68.5446228,40.6627728,2009,S3-IK,1996-03-04,SL
Mariska,Sommerland,msommerlandms@free.fr,F,true,17.2425732,49.0122792,1994,S1-IK,1988-05-17,SL
Honey,Caldeiro,hcaldeiromt@chicagotribune.com,F,false,102.7594847,14.0838656,2005,S1-IK,1999-09-20,BL
Turner,Walden,twaldenmu@loc.gov,M,true,124.5975512,6.6250097,1984,S1_EKS-SI,1980-12-25,SL
Sandy,Franek,sfranekmv@craigslist.org,M,false,32.5825197,0.3475964,1986,S1_KI-IK,1982-05-18,TL
Felipa,Szanto,fszantomw@springer.com,F,false,110.590442,22.116224,1999,S1-IK,1997-11-11,TL
Nefen,Morrilly,nmorrillymx@rakuten.co.jp,M,true,39.0476298,12.0308987,2008,S1-SI,1996-09-13,TL
Benton,Baalham,bbaalhammy@last.fm,M,false,-70.4083333,-17.2425,2009,S2-MIK,1995-08-24,SL
Matthias,Wattingham,mwattinghammz@wikia.com,M,false,117.223371,39.109563,1997,S2-MIK,1985-10-05,SL
Aleta,MacMeeking,amacmeekingn0@wiley.com,F,false,14.874997,51.6818091,1990,S1_KI-IK,1985-05-31,BL
Jemimah,Alyokhin,jalyokhinn1@tripod.com,F,false,-8.4901287,41.0909864,1997,S1_KI-IK,1994-04-20,SL
Portie,Clapton,pclaptonn2@netscape.com,M,false,120.4936309,16.228139,2002,S2-MTI,1990-08-13,SL
Neilla,Mathivet,nmathivetn3@nba.com,F,false,19.909723,42.095742,2003,S1_KI-IK,1981-03-23,BL
Gay,Groomebridge,ggroomebridgen4@clickbank.net,F,false,2.3572729,48.7471816,2010,S1_EKS-SI,1993-01-04,SL
Merlina,Burchatt,mburchattn5@elegantthemes.com,F,true,110.1209019,-7.3677628,2008,S1-IK,1981-07-05,SL
Hedwiga,Jacke,hjacken6@wired.com,F,true,1.0598119,49.4382375,2006,S2-MTI,1991-09-11,SL
Bev,Renols,brenolsn7@plala.or.jp,F,true,24.0942729,53.0358086,2001,S3-IK,1987-10-17,BL
Faye,Dumke,fdumken8@washington.edu,F,true,-99.0073673,19.4102526,2008,S1-SI,1992-12-08,TL
Jarrad,Pickle,jpicklen9@e-recht24.de,M,true,91.677053,32.265208,2004,S2-MIK,1988-04-03,SL
Keefer,Spendley,kspendleyna@omniture.com,M,false,57.6495717,-20.0391408,1998,S1_EKS-SI,1983-09-09,BL
Ingar,Thorburn,ithorburnnb@usnews.com,M,false,127.6958882,34.9406968,1999,S1-SI,1996-05-11,SL
Neile,Kobierra,nkobierranc@woothemes.com,F,true,-78.4418001,-7.6897944,1994,S2-MTI,1993-09-06,SL
Hedi,Perryman,hperrymannd@exblog.jp,F,true,108.249509,31.364902,1965,S1-SI,1991-09-24,TL
Boote,Stokoe,bstokoene@tinypic.com,M,false,124.537673,51.79909,1989,S1_KI-IK,1996-11-17,SL
Arabele,Welbeck,awelbecknf@4shared.com,F,true,101.7178316,3.1523104,2001,S1_KI-IK,1981-06-27,BL
Johnny,Restieaux,jrestieauxng@addtoany.com,M,false,30.2016232,46.4894881,1993,S1_KI-IK,1988-11-14,TL
Isobel,De Gouy,idegouynh@oracle.com,F,false,-65.3421126,-17.9391842,1999,S2-MTI,1990-07-23,TL
Lucine,Minghella,lminghellani@mtv.com,F,true,-58.7739249,-34.3048508,2000,S2-MTI,1998-02-24,BL
Hubert,Giacomuzzo,hgiacomuzzonj@netvibes.com,M,false,104.7229279,16.94472,2000,S3-IK,1988-01-05,TL
Benny,Thody,bthodynk@bbb.org,F,true,116.328206,37.029718,1997,S3-IK,1994-01-04,BL
Dionysus,Beauly,dbeaulynl@tmall.com,M,true,90.2561365,24.7660178,2007,S1_KI-IK,1992-08-29,TL
Boot,Cosgreave,bcosgreavenm@telegraph.co.uk,M,true,19.626265,41.191548,1995,S1_EKS-SI,1990-11-29,TL
Kirsten,Galliford,kgallifordnn@spotify.com,F,false,34.67222,59.49639,2006,S2-MIK,1984-06-21,BL
Lurette,MacDunleavy,lmacdunleavyno@nature.com,F,false,-8.4489073,41.2257829,2001,S2-MTI,1994-09-02,SL
Ange,Arnaud,aarnaudnp@samsung.com,M,true,-49.5483671,-27.01139,2000,S2-MTI,1996-02-10,TL
Anjela,Temple,atemplenq@paypal.com,F,true,116.341395,39.726929,1987,S1_KI-IK,1986-11-29,SL
Arielle,Ellerker,aellerkernr@stanford.edu,F,false,109.2638245,-7.5201771,1999,S1_KI-IK,1985-11-23,BL
Costa,Glasson,cglassonns@unc.edu,M,true,-157.3936469,1.968543,1991,S1_EKS-SI,1993-10-17,BL
Nevil,Penhaleurack,npenhaleuracknt@mapy.cz,M,true,106.7855,-6.73479,1988,S1_KI-IK,1998-02-01,SL
Garey,Ickovici,gickovicinu@mediafire.com,M,false,-85.529061,9.88293,2012,S1-IK,1993-07-05,SL
Julina,Cock,jcocknv@ocn.ne.jp,F,false,17.5496163,49.0996492,1984,S3-IK,1988-04-10,SL
Leontine,Powley,lpowleynw@nih.gov,F,true,6.1062222,49.84727,2002,S2-MTI,1991-03-08,SL
Barri,Venton,bventonnx@wsj.com,M,true,99.8913421,20.0450379,2011,S1_KI-IK,1987-07-06,BL
Eward,State,estateny@apache.org,M,true,15.3606459,50.3448824,2004,S3-IK,1999-09-26,BL
Katharyn,Dauney,kdauneynz@sphinn.com,F,true,116.449839,35.26364,2010,S1-SI,1984-04-14,SL
Yorgo,Leyre,yleyreo0@omniture.com,M,false,79.855399,37.08828,2005,S1-IK,1995-08-18,BL
Astra,MacGown,amacgowno1@barnesandnoble.com,F,true,-77.0157837,38.8978995,1986,S3-IK,1992-11-09,TL
Kendal,Halhead,khalheado2@posterous.com,M,false,35.5821994,6.9936468,1978,S3-IK,1982-03-08,BL
Burk,Dominichetti,bdominichettio3@youtube.com,M,false,110.856592,21.604364,1989,S2-MTI,1990-09-30,SL
Davin,Schoenfisch,dschoenfischo4@edublogs.org,M,true,99.8001946,28.9301227,2003,S1_EKS-SI,1996-01-19,BL
Ermina,Rigney,erigneyo5@sogou.com,F,false,15.90981,46.6975886,1999,S1-IK,1990-11-07,TL
Matteo,Floyde,mfloydeo6@lulu.com,M,true,6.2194418,47.6022755,2006,S1-SI,1980-05-14,SL
Bellanca,Buckoke,bbuckokeo7@elpais.com,F,true,105.373163,33.892817,2008,S1-IK,1991-07-28,SL
Drugi,Stormont,dstormonto8@moonfruit.com,M,true,31.193945,-10.2290555,2012,S3-IK,1992-03-08,BL
Norina,Woffinden,nwoffindeno9@ehow.com,F,false,116.311532,35.066619,2010,S1_KI-IK,1991-07-18,TL
Denver,Feldmesser,dfeldmesseroa@mac.com,M,true,-72.7628653,6.6763591,1997,S1_EKS-SI,1992-10-17,BL
Kalinda,Sprankling,kspranklingob@over-blog.com,F,false,-78.3244788,-7.2038055,1990,S1_KI-IK,1985-01-25,BL
Fletcher,Jumont,fjumontoc@about.me,M,true,33.0991415,68.966993,2011,S1_KI-IK,1992-01-18,TL
Blinny,Shackleford,bshacklefordod@plala.or.jp,F,false,-74.9438915,10.9819737,2003,S1_KI-IK,1994-11-27,SL
Hoebart,Crosi,hcrosioe@unicef.org,M,true,-58.6516777,-34.8435213,1997,S1_KI-IK,1992-04-12,BL
Yvor,Rumin,yruminof@soup.io,M,false,123.0873,9.6314,1987,S2-MIK,1990-02-27,TL
Juli,Currall,jcurrallog@google.com.au,F,false,15.4518432,50.6558337,2007,S1-SI,1986-10-12,TL
Janet,Crammy,jcrammyoh@house.gov,F,false,133.2439826,35.4159603,2012,S3-IK,1990-10-19,SL
Mufinella,Fitchell,mfitchelloi@miibeian.gov.cn,F,true,50.2785486,-14.9061237,2005,S1-SI,1993-09-09,BL
Jareb,Annwyl,jannwyloj@ovh.net,M,true,10.78333,34.75,1997,S2-MTI,1995-03-29,BL
Chelsey,Eppson,ceppsonok@4shared.com,F,true,-7.349941,39.4110563,2004,S1-SI,1984-10-30,BL
Avery,Orringe,aorringeol@gmpg.org,M,true,20.4852704,64.6025198,1984,S1-IK,1995-01-24,BL
Enrika,Hosier,ehosierom@mlb.com,F,true,11.9303953,57.7045166,2006,S1-IK,1994-12-20,TL
Brent,Shier,bshieron@google.com.hk,M,true,112.132488,34.728584,2006,S2-MTI,1994-06-29,SL
Edvard,Moralee,emoraleeoo@t-online.de,M,true,112.851831,35.490701,2005,S1_EKS-SI,1994-08-30,SL
Germayne,Ivatt,givattop@ameblo.jp,M,true,-75.2128996,9.1375974,2003,S2-MIK,1987-09-19,TL
Estrella,Toothill,etoothilloq@pen.io,F,true,124.3922901,11.1649599,1986,S1_EKS-SI,1992-08-23,BL
Tanhya,Erley,terleyor@merriam-webster.com,F,false,38.8100855,14.8725628,2006,S3-IK,1984-06-05,SL
Sunny,Whistlecraft,swhistlecraftos@hubpages.com,M,true,112.132488,34.728584,1999,S1-SI,1997-11-19,SL
Martyn,Ouldred,mouldredot@virginia.edu,M,false,123.8661,-9.7732,2000,S1_EKS-SI,1981-01-12,BL
Karylin,Leynham,kleynhamou@so-net.ne.jp,F,false,104.921841,33.400684,2004,S1_EKS-SI,1990-10-04,TL
Ritchie,Robert,rrobertov@github.io,M,false,110.451191,29.103856,1992,S2-MIK,1992-08-10,BL
Billi,Driffill,bdriffillow@123-reg.co.uk,F,false,-38.612338,-3.879263,2006,S2-MIK,1996-10-04,TL
Chicky,Brumbye,cbrumbyeox@google.com.au,M,true,110.8171082,-6.4712737,1985,S2-MTI,1983-02-24,BL
Salomon,Annell,sannelloy@hao123.com,M,false,48.5260928,41.3643024,2012,S1-IK,1988-06-25,TL
Niall,Warland,nwarlandoz@dagondesign.com,M,true,-56.4370932,-14.4040989,1992,S2-MTI,1986-11-02,TL
Antonia,Mapletoft,amapletoftp0@ovh.net,F,false,18.6057328,49.8545281,1995,S2-MTI,1993-12-22,SL
Ibrahim,Toyer,itoyerp1@weibo.com,M,true,-8.7086605,39.8476302,2012,S1-SI,1999-03-16,TL
Kingsly,Close,kclosep2@techcrunch.com,M,false,118.339653,29.722611,1994,S2-MIK,1981-02-28,TL
Merle,Benoix,mbenoixp3@mozilla.org,M,true,113.778639,26.480043,1988,S3-IK,1992-03-30,BL
Winston,Bottomley,wbottomleyp4@hugedomains.com,M,false,30.8369641,49.904915,2008,S2-MTI,1991-10-17,BL
Neal,Gallelli,ngallellip5@businessweek.com,M,false,120.241565,29.289648,2010,S1-SI,1981-05-04,SL
Mariya,Patrone,mpatronep6@blog.com,F,false,-100.3671389,25.7232439,2000,S3-IK,1985-01-25,TL
Fairlie,Strutton,fstruttonp7@lycos.com,M,false,14.8386368,45.9536011,1993,S1_EKS-SI,1984-07-23,TL
Sigmund,Craigheid,scraigheidp8@hexun.com,M,true,117.893335,4.243113,1989,S1-IK,1986-07-18,SL
Estele,Meo,emeop9@home.pl,F,true,108.9272,0.565435,1992,S1_EKS-SI,1989-02-15,BL
Con,Laurant,claurantpa@theatlantic.com,M,false,108.3301,-7.1004,1969,S1-IK,1984-01-20,SL
Jens,O'Scully,joscullypb@naver.com,M,false,-48.5430054,-25.5281546,1987,S2-MTI,1994-09-05,TL
Audre,Lunny,alunnypc@latimes.com,F,false,117.198958,31.85074,2009,S1_EKS-SI,1996-01-03,BL
Alyss,Strand,astrandpd@craigslist.org,F,true,-91.4656296,14.5802198,2011,S1_KI-IK,1985-12-15,BL
Anderson,Kainz,akainzpe@dyndns.org,M,false,-8.889642,38.5385334,1999,S2-MIK,1991-03-23,SL
Allegra,Ilyunin,ailyuninpf@a8.net,F,false,22.7568858,63.6182729,2012,S1-SI,1993-01-17,BL
Lenard,Bellis,lbellispg@histats.com,M,false,-73.9798808,40.7634529,1994,S3-IK,1996-05-14,SL
Petronilla,Reinard,preinardph@stumbleupon.com,F,false,35.578235,33.277232,2008,S2-MIK,1997-06-26,BL
Terrill,Castagneri,tcastagneripi@alibaba.com,M,true,-78.948623,-4.0620941,2005,S2-MIK,1983-10-12,SL
Cornelius,Boyan,cboyanpj@ibm.com,M,true,-61.6676857,12.0375095,1993,S3-IK,1986-05-26,BL
Shepperd,Wakely,swakelypk@google.com.br,M,true,5.942257,48.2044234,1990,S1_KI-IK,1991-04-29,TL
Tatum,Sergison,tsergisonpl@eventbrite.com,F,false,-88.8694951,13.5122393,1994,S3-IK,1989-02-28,SL
Lanita,Amort,lamortpm@weather.com,F,true,85.5097226,27.5828698,2011,S2-MIK,1992-01-15,SL
Laetitia,Klauer,lklauerpn@psu.edu,F,true,61.3396043,55.1795454,2007,S1-SI,1999-01-20,SL
Brendan,Bastide,bbastidepo@typepad.com,M,false,8.740263,47.49476,1973,S1-SI,1989-02-23,BL
Sybille,Fobidge,sfobidgepp@freewebs.com,F,true,16.0063249,54.0077659,1995,S2-MIK,1990-10-08,SL
Jule,Becerra,jbecerrapq@quantcast.com,M,false,114.877945,38.214135,1992,S2-MIK,1997-07-25,SL
Bryanty,Jessep,bjesseppr@wikimedia.org,M,true,-75.3743736,-12.0271668,2013,S2-MTI,1998-11-02,BL
Sula,Soles,ssolesps@vimeo.com,F,true,-1.7880953,51.5487433,1994,S1-SI,1996-08-11,TL
Mozelle,McCrossan,mmccrossanpt@dagondesign.com,F,true,-73.868176,8.27533,2008,S1-SI,1988-12-12,BL
Emyle,Dumbreck,edumbreckpu@google.es,F,true,-12.1804261,15.1506088,1987,S1-SI,1996-02-09,SL
Siegfried,Sotheby,ssothebypv@multiply.com,M,false,112.116195,-7.6873253,1999,S1_EKS-SI,1995-11-18,TL
Marietta,Gasquoine,mgasquoinepw@lulu.com,M,true,-6.2554371,53.2767301,2012,S1-SI,1991-07-28,BL
Kaiser,Stembridge,kstembridgepx@themeforest.net,M,true,-64.2092372,45.8299686,1972,S1_EKS-SI,1998-02-15,BL
Javier,Shay,jshaypy@nih.gov,M,false,124.272721,-9.7239549,1992,S2-MIK,1987-04-24,TL
Sergei,Dallander,sdallanderpz@icio.us,M,false,20.0970781,39.912087,2008,S1-SI,1988-07-26,SL
Nannie,Gyppes,ngyppesq0@google.co.uk,F,false,8.3280086,6.085685,2002,S2-MIK,1991-12-19,TL
Eldridge,Blaydon,eblaydonq1@army.mil,M,false,121.3128539,31.021461,1988,S3-IK,1994-12-20,TL
Brigham,Platfoot,bplatfootq2@fema.gov,M,true,108.1308481,-6.8754582,1998,S3-IK,1998-07-04,TL
Jenine,Klugel,jklugelq3@lulu.com,F,true,-80.2056382,25.7564471,2000,S1-IK,1987-09-26,SL
Nicholle,Kovacs,nkovacsq4@ed.gov,F,false,-96.06116,50.2536,1996,S3-IK,1993-04-21,SL
Irina,Dawkes,idawkesq5@senate.gov,F,false,19.6650593,46.1005467,2006,S1_EKS-SI,1995-10-08,SL
Jeremie,Bowe,jboweq6@csmonitor.com,M,true,-45.2243578,-11.5527175,2012,S1-IK,1988-01-23,SL
Doug,Lismer,dlismerq7@nifty.com,M,false,-72.3022522,7.8286837,2008,S2-MTI,1981-07-06,TL
Evan,De Maria,edemariaq8@soundcloud.com,M,true,-78.9118506,22.1979265,1999,S1-SI,1980-04-21,BL
Lynnett,McManamen,lmcmanamenq9@theglobeandmail.com,F,false,-8.0733581,40.2406662,2002,S1-SI,1985-07-09,SL
Brigitta,Benjamin,bbenjaminqa@stumbleupon.com,F,false,-64.4833187,-31.0767358,2002,S2-MTI,1996-10-28,SL
Nils,Ilyinski,nilyinskiqb@google.de,M,true,102.4151335,16.5154623,1994,S2-MTI,1989-12-22,SL
Odelia,Tellett,otellettqc@ucoz.com,F,false,14.442176,45.3270631,1994,S2-MTI,1980-07-30,SL
Jacquelin,Dongles,jdonglesqd@mashable.com,F,false,114.152183,38.02365,2005,S1-SI,1987-04-27,TL
Portie,MacDougal,pmacdougalqe@tumblr.com,M,true,-73.6483294,-37.6097143,2008,S1-SI,1980-11-23,TL
Lorenzo,Middas,lmiddasqf@blogtalkradio.com,M,false,-7.0865116,39.7298157,1996,S1-IK,1988-05-27,SL
Diana,Goodlad,dgoodladqg@tinyurl.com,F,true,15.8936224,-0.4829632,2002,S1-IK,1984-03-21,TL
Lew,Koppen,lkoppenqh@weather.com,M,true,-72.6315127,-39.3681199,1999,S1-IK,1985-03-28,TL
Reamonn,Saundercock,rsaundercockqi@t.co,M,false,115.5207358,-8.3465933,2005,S1_KI-IK,1991-12-11,BL
Inez,Lantaph,ilantaphqj@privacy.gov.au,F,false,-13.5032081,16.1535575,2010,S1-SI,1996-01-28,SL
Joe,Grosier,jgrosierqk@harvard.edu,M,false,29.222313,52.0322082,1998,S3-IK,1984-08-01,SL
Dominica,Graeme,dgraemeql@wiley.com,F,true,111.9075351,-7.3328576,2006,S1-IK,1984-01-26,BL
Felicia,Devericks,fdevericksqm@jimdo.com,F,true,-8.9821467,52.8498651,1992,S1-IK,1986-03-27,BL
Osbourne,Mulvin,omulvinqn@deliciousdays.com,M,true,-9.3381698,38.7025085,2008,S2-MTI,1986-08-14,SL
Dusty,Beall,dbeallqo@miibeian.gov.cn,F,true,36.2827926,49.8753,1979,S1_EKS-SI,1993-10-16,BL
Hyatt,Kidston,hkidstonqp@utexas.edu,M,false,30.9305801,30.4659284,2009,S2-MTI,1988-09-25,BL
Rene,Badini,rbadiniqq@prweb.com,M,true,111.0631793,-6.612633,2003,S1_EKS-SI,1982-01-18,BL
Alastair,Delany,adelanyqr@diigo.com,M,false,4.6072477,46.4830794,1984,S1_KI-IK,1994-03-20,SL
Merwin,Gillon,mgillonqs@europa.eu,M,false,-61.444406,15.444313,1995,S1-IK,1991-02-20,TL
Umberto,Epps,ueppsqt@samsung.com,M,true,120.4623,-8.298,2013,S1_EKS-SI,1988-06-21,BL
Zack,Shaxby,zshaxbyqu@vimeo.com,M,false,30.8125638,0.9400761,2009,S1_EKS-SI,1987-04-10,TL
Jodie,Pryde,jprydeqv@spiegel.de,F,true,21.331051,43.5757545,1994,S1-IK,1999-09-07,SL
Steffi,Crotty,scrottyqw@home.pl,F,true,43.22637,14.18356,1996,S3-IK,1994-06-19,TL
Roley,Sellers,rsellersqx@com.com,M,false,112.910406,24.111841,1991,S3-IK,1992-09-24,SL
Mehetabel,Zylberdik,mzylberdikqy@ucsd.edu,F,false,111.6394,-6.7839,1994,S3-IK,1990-11-01,SL
Olivier,O'Hagerty,oohagertyqz@wp.com,M,false,108.0665,-7.3314,1996,S1-SI,1996-12-25,SL
Waylin,Spradbery,wspradberyr0@hud.gov,M,false,106.309127,33.917649,2004,S1-SI,1990-05-02,BL
Felicio,Child,fchildr1@discovery.com,M,false,111.189296,29.289085,1992,S2-MIK,1988-09-29,SL
Ganny,Wolverson,gwolversonr2@hp.com,M,true,15.6082286,50.4803347,1990,S1-IK,1989-07-30,BL
Clarette,McBain,cmcbainr3@un.org,F,false,-79.6221368,-2.6689787,1999,S1_KI-IK,1982-08-02,BL
Arie,Rodolphe,arodolpher4@dailymail.co.uk,M,true,-76.1319953,0.5471811,2010,S3-IK,1994-03-03,BL
Olivie,Gohier,ogohierr5@dot.gov,F,false,21.9974055,49.8259726,2009,S1_EKS-SI,1998-08-25,TL
Netty,Myhill,nmyhillr6@ted.com,F,false,-62.0610928,-3.8398302,2008,S1-IK,1992-06-14,TL
Julianne,Summersby,jsummersbyr7@a8.net,F,false,13.4662133,59.3269612,2001,S1_KI-IK,1993-03-21,BL
Ingunna,Britch,ibritchr8@instagram.com,F,true,112.836668,23.063746,2012,S1_KI-IK,1992-08-30,BL
Florance,Wasielewicz,fwasielewiczr9@com.com,F,true,-50.3675124,-23.1087262,2008,S1-SI,1987-09-10,SL
Umeko,Cowper,ucowperra@home.pl,F,true,105.4683193,20.2109764,1998,S2-MTI,1990-05-07,SL
Benjamen,Moorcroft,bmoorcroftrb@stanford.edu,M,true,2.2289339,48.8706152,2008,S1-IK,1993-06-04,BL
Didi,Jerred,djerredrc@myspace.com,F,true,2.3300993,48.8480625,2008,S1_EKS-SI,1986-08-14,TL
Lilyan,Amiranda,lamirandard@g.co,F,true,116.391507,37.627661,2004,S1-SI,1983-01-23,SL
Hannis,Eakley,heakleyre@pagesperso-orange.fr,F,false,113.5024,-8.1675,2003,S3-IK,1990-08-14,TL
Clo,MacCarlich,cmaccarlichrf@cbsnews.com,F,true,123.8401962,9.7457208,1994,S1-IK,1994-06-19,BL
Grange,MacFadden,gmacfaddenrg@wisc.edu,M,true,113.121435,23.021478,2011,S1-SI,1997-08-17,SL
Kip,Dermot,kdermotrh@cocolog-nifty.com,F,true,23.4764363,48.3018611,2002,S1-SI,1998-07-17,SL
Olin,Bleasdale,obleasdaleri@networksolutions.com,M,false,119.367,-9.582,1998,S3-IK,1982-02-15,SL
Francesco,Neesham,fneeshamrj@sphinn.com,M,false,139.250061,36.2656673,1986,S1_EKS-SI,1980-10-13,SL
Jessy,Blackadder,jblackadderrk@spotify.com,F,true,20.0143022,39.420994,2009,S1_EKS-SI,1998-05-28,SL
Sharon,Sings,ssingsrl@oakley.com,F,false,40.8140313,47.5155739,2010,S2-MTI,1983-12-18,SL
Caryl,Shevlane,cshevlanerm@netvibes.com,F,true,58.4972596,37.9059243,1991,S1_EKS-SI,1990-10-12,SL
Berry,Jeromson,bjeromsonrn@quantcast.com,F,true,10.767309,59.9026039,2012,S2-MTI,1991-03-08,SL
Carolan,Harman,charmanro@last.fm,F,true,119.303552,26.091588,1988,S1-IK,1994-10-05,BL
Tuesday,Mogie,tmogierp@hexun.com,F,true,106.6236044,-6.2188206,2006,S2-MTI,1988-10-19,TL
Karalynn,Deetch,kdeetchrq@irs.gov,F,true,111.755504,-8.2517848,1998,S1_EKS-SI,1998-10-05,TL
Wilmar,Gant,wgantrr@house.gov,M,true,-99.110685,19.2949759,1986,S1-IK,1994-09-22,TL
